======================================================================
  SERVER LOG   started at 2026-04-11 11:58:15
======================================================================

🚀 ASYN-FEDPC Server Started

  [CONNECT]  🔗 hospital_1  from ('127.0.0.1', 65173)   [11:59:02.436]

  [CONNECT]  🔗 hospital_2  from ('127.0.0.1', 65175)   [11:59:07.545]

  [RECV]  📦 hospital_1 — update #1   [11:59:13.993]
  Received 8 class prototypes:
  ────────────────────────────────────────────────────────────
      class 0 │ norm=8.9630  mean=+0.6886  std=0.8908  min=+0.0000  max=+3.3591
               weights[0:8] → [ +0.0000  +0.8077  +0.0000  +3.3591  +0.0000  +0.0000  +0.0000  +1.3235 ]
      class 1 │ norm=8.8861  mean=+0.6628  std=0.8984  min=+0.0000  max=+3.5651
               weights[0:8] → [ +0.0000  +0.8761  +0.0000  +3.5651  +0.0000  +0.0000  +0.0000  +1.1502 ]
      class 2 │ norm=9.6734  mean=+0.6358  std=1.0367  min=+0.0000  max=+4.4068
               weights[0:8] → [ +0.0000  +1.0367  +0.0000  +4.4068  +0.0000  +0.0000  +0.0000  +0.7541 ]
      class 3 │ norm=8.9578  mean=+0.6947  std=0.8851  min=+0.0000  max=+3.2410
               weights[0:8] → [ +0.0000  +0.7778  +0.0000  +3.2410  +0.0000  +0.0000  +0.0000  +1.3913 ]
      class 4 │ norm=9.3004  mean=+0.6543  std=0.9685  min=+0.0000  max=+4.0370
               weights[0:8] → [ +0.0000  +0.9553  +0.0000  +4.0370  +0.0000  +0.0000  +0.0000  +0.9554 ]
      class 5 │ norm=8.9456  mean=+0.7030  std=0.8765  min=+0.0000  max=+3.0075
               weights[0:8] → [ +0.0000  +0.7285  +0.0000  +3.0075  +0.0000  +0.0000  +0.0000  +1.5066 ]
      class 6 │ norm=9.1023  mean=+0.6529  std=0.9392  min=+0.0000  max=+3.8636
               weights[0:8] → [ +0.0000  +0.9260  +0.0000  +3.8636  +0.0000  +0.0000  +0.0000  +1.0110 ]
      class 7 │ norm=10.4669  mean=+0.6033  std=1.1701  min=+0.0000  max=+4.9825
               weights[0:8] → [ +0.0000  +1.1778  +0.0000  +4.9825  +0.0000  +0.0000  +0.0000  +0.4219 ]
  ────────────────────────────────────────────────────────────

  [GLOBAL]  Current global proto state   [11:59:14.012]
  ────────────────────────────────────────────────────────────
      class 0 │ norm=8.9630  mean=+0.6886  std=0.8908  min=+0.0000  max=+3.3591
               weights[0:8] → [ +0.0000  +0.8077  +0.0000  +3.3591  +0.0000  +0.0000  +0.0000  +1.3235 ]
      class 1 │ norm=8.8861  mean=+0.6628  std=0.8984  min=+0.0000  max=+3.5651
               weights[0:8] → [ +0.0000  +0.8761  +0.0000  +3.5651  +0.0000  +0.0000  +0.0000  +1.1502 ]
      class 2 │ norm=9.6734  mean=+0.6358  std=1.0367  min=+0.0000  max=+4.4068
               weights[0:8] → [ +0.0000  +1.0367  +0.0000  +4.4068  +0.0000  +0.0000  +0.0000  +0.7541 ]
      class 3 │ norm=8.9578  mean=+0.6947  std=0.8851  min=+0.0000  max=+3.2410
               weights[0:8] → [ +0.0000  +0.7778  +0.0000  +3.2410  +0.0000  +0.0000  +0.0000  +1.3913 ]
      class 4 │ norm=9.3004  mean=+0.6543  std=0.9685  min=+0.0000  max=+4.0370
               weights[0:8] → [ +0.0000  +0.9553  +0.0000  +4.0370  +0.0000  +0.0000  +0.0000  +0.9554 ]
      class 5 │ norm=8.9456  mean=+0.7030  std=0.8765  min=+0.0000  max=+3.0075
               weights[0:8] → [ +0.0000  +0.7285  +0.0000  +3.0075  +0.0000  +0.0000  +0.0000  +1.5066 ]
      class 6 │ norm=9.1023  mean=+0.6529  std=0.9392  min=+0.0000  max=+3.8636
               weights[0:8] → [ +0.0000  +0.9260  +0.0000  +3.8636  +0.0000  +0.0000  +0.0000  +1.0110 ]
      class 7 │ norm=10.4669  mean=+0.6033  std=1.1701  min=+0.0000  max=+4.9825
               weights[0:8] → [ +0.0000  +1.1778  +0.0000  +4.9825  +0.0000  +0.0000  +0.0000  +0.4219 ]
  ────────────────────────────────────────────────────────────

  [SEND]  📡 → hospital_1   source: global (fallback)   [11:59:14.020]
  Sending 8 class prototypes:
  ────────────────────────────────────────────────────────────
      class 0 │ norm=8.9630  mean=+0.6886  std=0.8908  min=+0.0000  max=+3.3591
               weights[0:8] → [ +0.0000  +0.8077  +0.0000  +3.3591  +0.0000  +0.0000  +0.0000  +1.3235 ]
      class 1 │ norm=8.8861  mean=+0.6628  std=0.8984  min=+0.0000  max=+3.5651
               weights[0:8] → [ +0.0000  +0.8761  +0.0000  +3.5651  +0.0000  +0.0000  +0.0000  +1.1502 ]
      class 2 │ norm=9.6734  mean=+0.6358  std=1.0367  min=+0.0000  max=+4.4068
               weights[0:8] → [ +0.0000  +1.0367  +0.0000  +4.4068  +0.0000  +0.0000  +0.0000  +0.7541 ]
      class 3 │ norm=8.9578  mean=+0.6947  std=0.8851  min=+0.0000  max=+3.2410
               weights[0:8] → [ +0.0000  +0.7778  +0.0000  +3.2410  +0.0000  +0.0000  +0.0000  +1.3913 ]
      class 4 │ norm=9.3004  mean=+0.6543  std=0.9685  min=+0.0000  max=+4.0370
               weights[0:8] → [ +0.0000  +0.9553  +0.0000  +4.0370  +0.0000  +0.0000  +0.0000  +0.9554 ]
      class 5 │ norm=8.9456  mean=+0.7030  std=0.8765  min=+0.0000  max=+3.0075
               weights[0:8] → [ +0.0000  +0.7285  +0.0000  +3.0075  +0.0000  +0.0000  +0.0000  +1.5066 ]
      class 6 │ norm=9.1023  mean=+0.6529  std=0.9392  min=+0.0000  max=+3.8636
               weights[0:8] → [ +0.0000  +0.9260  +0.0000  +3.8636  +0.0000  +0.0000  +0.0000  +1.0110 ]
      class 7 │ norm=10.4669  mean=+0.6033  std=1.1701  min=+0.0000  max=+4.9825
               weights[0:8] → [ +0.0000  +1.1778  +0.0000  +4.9825  +0.0000  +0.0000  +0.0000  +0.4219 ]
  ────────────────────────────────────────────────────────────

  [CONNECT]  🔗 hospital_3  from ('127.0.0.1', 60930)   [11:59:18.920]

  [RECV]  📦 hospital_2 — update #2   [11:59:25.709]
  Received 6 class prototypes:
  ────────────────────────────────────────────────────────────
      class 0 │ norm=6.3194  mean=+0.5248  std=0.5950  min=+0.0000  max=+2.0481
               weights[0:8] → [ +1.3471  +0.0000  +1.0552  +2.0481  +1.0496  +1.4615  +0.0000  +0.6671 ]
      class 1 │ norm=6.2524  mean=+0.5153  std=0.5923  min=+0.0000  max=+2.1322
               weights[0:8] → [ +1.4292  +0.0000  +1.1154  +2.1322  +0.9396  +1.3435  +0.0000  +0.6856 ]
      class 3 │ norm=6.3386  mean=+0.5282  std=0.5953  min=+0.0000  max=+1.9331
               weights[0:8] → [ +1.2714  +0.0000  +0.9923  +1.9331  +1.1418  +1.5606  +0.0000  +0.6603 ]
      class 4 │ norm=6.4595  mean=+0.5153  std=0.6265  min=+0.0000  max=+2.4470
               weights[0:8] → [ +1.5810  +0.0000  +1.2476  +2.4470  +0.7926  +1.1393  +0.0000  +0.6842 ]
      class 6 │ norm=6.3425  mean=+0.5120  std=0.6101  min=+0.0000  max=+2.3392
               weights[0:8] → [ +1.5253  +0.0000  +1.1969  +2.3392  +0.8325  +1.1953  +0.0000  +0.6857 ]
      class 7 │ norm=7.1316  mean=+0.4976  std=0.7455  min=+0.0000  max=+3.0485
               weights[0:8] → [ +1.9474  +0.0000  +1.5437  +3.0485  +0.3683  +0.6239  +0.0000  +0.7277 ]
  ────────────────────────────────────────────────────────────

  [GLOBAL]  Current global proto state   [11:59:25.718]
  ────────────────────────────────────────────────────────────
      class 0 │ norm=7.2088  mean=+0.6395  std=0.6399  min=+0.0000  max=+2.9658
               weights[0:8] → [ +0.4041  +0.5654  +0.3166  +2.9658  +0.3149  +0.4385  +0.0000  +1.1266 ]
      class 1 │ norm=7.1471  mean=+0.6185  std=0.6497  min=+0.0000  max=+3.1353
               weights[0:8] → [ +0.4288  +0.6133  +0.3346  +3.1353  +0.2819  +0.4031  +0.0000  +1.0108 ]
      class 2 │ norm=9.6734  mean=+0.6358  std=1.0367  min=+0.0000  max=+4.4068
               weights[0:8] → [ +0.0000  +1.0367  +0.0000  +4.4068  +0.0000  +0.0000  +0.0000  +0.7541 ]
      class 3 │ norm=7.1990  mean=+0.6447  std=0.6327  min=+0.0000  max=+2.8486
               weights[0:8] → [ +0.3814  +0.5445  +0.2977  +2.8486  +0.3425  +0.4682  +0.0000  +1.1720 ]
      class 4 │ norm=7.4718  mean=+0.6126  std=0.7106  min=+0.0000  max=+3.5600
               weights[0:8] → [ +0.4743  +0.6687  +0.3743  +3.5600  +0.2378  +0.3418  +0.0000  +0.8740 ]
      class 5 │ norm=8.9456  mean=+0.7030  std=0.8765  min=+0.0000  max=+3.0075
               weights[0:8] → [ +0.0000  +0.7285  +0.0000  +3.0075  +0.0000  +0.0000  +0.0000  +1.5066 ]
      class 6 │ norm=7.3165  mean=+0.6106  std=0.6863  min=+0.0000  max=+3.4063
               weights[0:8] → [ +0.4576  +0.6482  +0.3591  +3.4063  +0.2498  +0.3586  +0.0000  +0.9134 ]
      class 7 │ norm=8.3528  mean=+0.5716  std=0.8806  min=+0.0000  max=+4.4023
               weights[0:8] → [ +0.5842  +0.8245  +0.4631  +4.4023  +0.1105  +0.1872  +0.0000  +0.5136 ]
  ────────────────────────────────────────────────────────────

  [CLUSTER]  K-Means result   [11:59:27.637]
      hospital_1 → cluster 1
      hospital_2 → cluster 0

  [SEND]  📡 → hospital_2   source: cluster 0   [11:59:27.641]
  Sending 8 class prototypes:
  ────────────────────────────────────────────────────────────
      class 0 │ norm=6.3194  mean=+0.5248  std=0.5950  min=+0.0000  max=+2.0481
               weights[0:8] → [ +1.3471  +0.0000  +1.0552  +2.0481  +1.0496  +1.4615  +0.0000  +0.6671 ]
      class 1 │ norm=6.2524  mean=+0.5153  std=0.5923  min=+0.0000  max=+2.1322
               weights[0:8] → [ +1.4292  +0.0000  +1.1154  +2.1322  +0.9396  +1.3435  +0.0000  +0.6856 ]
      class 2 │ norm=9.6734  mean=+0.6358  std=1.0367  min=+0.0000  max=+4.4068
               weights[0:8] → [ +0.0000  +1.0367  +0.0000  +4.4068  +0.0000  +0.0000  +0.0000  +0.7541 ]
      class 3 │ norm=6.3386  mean=+0.5282  std=0.5953  min=+0.0000  max=+1.9331
               weights[0:8] → [ +1.2714  +0.0000  +0.9923  +1.9331  +1.1418  +1.5606  +0.0000  +0.6603 ]
      class 4 │ norm=6.4595  mean=+0.5153  std=0.6265  min=+0.0000  max=+2.4470
               weights[0:8] → [ +1.5810  +0.0000  +1.2476  +2.4470  +0.7926  +1.1393  +0.0000  +0.6842 ]
      class 5 │ norm=8.9456  mean=+0.7030  std=0.8765  min=+0.0000  max=+3.0075
               weights[0:8] → [ +0.0000  +0.7285  +0.0000  +3.0075  +0.0000  +0.0000  +0.0000  +1.5066 ]
      class 6 │ norm=6.3425  mean=+0.5120  std=0.6101  min=+0.0000  max=+2.3392
               weights[0:8] → [ +1.5253  +0.0000  +1.1969  +2.3392  +0.8325  +1.1953  +0.0000  +0.6857 ]
      class 7 │ norm=7.1316  mean=+0.4976  std=0.7455  min=+0.0000  max=+3.0485
               weights[0:8] → [ +1.9474  +0.0000  +1.5437  +3.0485  +0.3683  +0.6239  +0.0000  +0.7277 ]
  ────────────────────────────────────────────────────────────

  [RECV]  📦 hospital_1 — update #3   [11:59:34.947]
  Received 8 class prototypes:
  ────────────────────────────────────────────────────────────
      class 0 │ norm=9.6393  mean=+0.7639  std=0.9392  min=+0.0000  max=+3.3831
               weights[0:8] → [ +0.0000  +0.9630  +0.0000  +3.3831  +0.0000  +0.0000  +0.0000  +1.5113 ]
      class 1 │ norm=9.2008  mean=+0.7019  std=0.9183  min=+0.0000  max=+3.5673
               weights[0:8] → [ +0.0000  +1.0607  +0.0000  +3.5673  +0.0000  +0.0000  +0.0000  +1.2196 ]
      class 2 │ norm=9.9026  mean=+0.6414  std=1.0671  min=+0.0000  max=+4.4940
               weights[0:8] → [ +0.0000  +1.1905  +0.0000  +4.4940  +0.0000  +0.0000  +0.0000  +0.6816 ]
      class 3 │ norm=9.6174  mean=+0.7674  std=0.9327  min=+0.0000  max=+3.2408
               weights[0:8] → [ +0.0000  +0.9322  +0.0000  +3.2408  +0.0000  +0.0000  +0.0000  +1.5840 ]
      class 4 │ norm=9.6125  mean=+0.6856  std=0.9946  min=+0.0000  max=+4.1074
               weights[0:8] → [ +0.0000  +1.1066  +0.0000  +4.1074  +0.0000  +0.0000  +0.0000  +0.9749 ]
      class 5 │ norm=9.6072  mean=+0.7739  std=0.9255  min=+0.0000  max=+2.9819
               weights[0:8] → [ +0.0000  +0.8879  +0.0000  +2.9819  +0.0000  +0.0000  +0.0000  +1.7038 ]
      class 6 │ norm=9.2709  mean=+0.6655  std=0.9563  min=+0.0000  max=+3.9140
               weights[0:8] → [ +0.0000  +1.0926  +0.0000  +3.9140  +0.0000  +0.0000  +0.0000  +0.9700 ]
      class 7 │ norm=10.7939  mean=+0.5720  std=1.2316  min=+0.0000  max=+5.1197
               weights[0:8] → [ +0.0000  +1.3483  +0.0000  +5.1197  +0.0000  +0.0000  +0.0000  +0.2041 ]
  ────────────────────────────────────────────────────────────

  [GLOBAL]  Current global proto state   [11:59:34.966]
  ────────────────────────────────────────────────────────────
      class 0 │ norm=7.8829  mean=+0.6768  std=0.7218  min=+0.0000  max=+3.0910
               weights[0:8] → [ +0.2829  +0.6847  +0.2216  +3.0910  +0.2204  +0.3069  +0.0000  +1.2420 ]
      class 1 │ norm=7.7122  mean=+0.6435  std=0.7234  min=+0.0000  max=+3.2649
               weights[0:8] → [ +0.3001  +0.7475  +0.2342  +3.2649  +0.1973  +0.2821  +0.0000  +1.0735 ]
      class 2 │ norm=9.7388  mean=+0.6375  std=1.0453  min=+0.0000  max=+4.4329
               weights[0:8] → [ +0.0000  +1.0828  +0.0000  +4.4329  +0.0000  +0.0000  +0.0000  +0.7324 ]
      class 3 │ norm=7.8691  mean=+0.6815  std=0.7149  min=+0.0000  max=+2.9663
               weights[0:8] → [ +0.2670  +0.6608  +0.2084  +2.9663  +0.2398  +0.3277  +0.0000  +1.2956 ]
      class 4 │ norm=8.0603  mean=+0.6345  std=0.7888  min=+0.0000  max=+3.7242
               weights[0:8] → [ +0.3320  +0.8001  +0.2620  +3.7242  +0.1665  +0.2392  +0.0000  +0.9043 ]
      class 5 │ norm=9.1399  mean=+0.7242  std=0.8906  min=+0.0000  max=+2.9998
               weights[0:8] → [ +0.0000  +0.7763  +0.0000  +2.9998  +0.0000  +0.0000  +0.0000  +1.5657 ]
      class 6 │ norm=7.8492  mean=+0.6271  std=0.7606  min=+0.0000  max=+3.5586
               weights[0:8] → [ +0.3203  +0.7816  +0.2514  +3.5586  +0.1748  +0.2510  +0.0000  +0.9304 ]
      class 7 │ norm=9.0073  mean=+0.5717  std=0.9776  min=+0.0000  max=+4.6175
               weights[0:8] → [ +0.4090  +0.9816  +0.3242  +4.6175  +0.0773  +0.1310  +0.0000  +0.4208 ]
  ────────────────────────────────────────────────────────────

  [CLUSTER]  K-Means result   [11:59:35.061]
      hospital_1 → cluster 1
      hospital_2 → cluster 0

  [SEND]  📡 → hospital_1   source: cluster 1   [11:59:35.063]
  Sending 8 class prototypes:
  ────────────────────────────────────────────────────────────
      class 0 │ norm=9.6393  mean=+0.7639  std=0.9392  min=+0.0000  max=+3.3831
               weights[0:8] → [ +0.0000  +0.9630  +0.0000  +3.3831  +0.0000  +0.0000  +0.0000  +1.5113 ]
      class 1 │ norm=9.2008  mean=+0.7019  std=0.9183  min=+0.0000  max=+3.5673
               weights[0:8] → [ +0.0000  +1.0607  +0.0000  +3.5673  +0.0000  +0.0000  +0.0000  +1.2196 ]
      class 2 │ norm=9.9026  mean=+0.6414  std=1.0671  min=+0.0000  max=+4.4940
               weights[0:8] → [ +0.0000  +1.1905  +0.0000  +4.4940  +0.0000  +0.0000  +0.0000  +0.6816 ]
      class 3 │ norm=9.6174  mean=+0.7674  std=0.9327  min=+0.0000  max=+3.2408
               weights[0:8] → [ +0.0000  +0.9322  +0.0000  +3.2408  +0.0000  +0.0000  +0.0000  +1.5840 ]
      class 4 │ norm=9.6125  mean=+0.6856  std=0.9946  min=+0.0000  max=+4.1074
               weights[0:8] → [ +0.0000  +1.1066  +0.0000  +4.1074  +0.0000  +0.0000  +0.0000  +0.9749 ]
      class 5 │ norm=9.6072  mean=+0.7739  std=0.9255  min=+0.0000  max=+2.9819
               weights[0:8] → [ +0.0000  +0.8879  +0.0000  +2.9819  +0.0000  +0.0000  +0.0000  +1.7038 ]
      class 6 │ norm=9.2709  mean=+0.6655  std=0.9563  min=+0.0000  max=+3.9140
               weights[0:8] → [ +0.0000  +1.0926  +0.0000  +3.9140  +0.0000  +0.0000  +0.0000  +0.9700 ]
      class 7 │ norm=10.7939  mean=+0.5720  std=1.2316  min=+0.0000  max=+5.1197
               weights[0:8] → [ +0.0000  +1.3483  +0.0000  +5.1197  +0.0000  +0.0000  +0.0000  +0.2041 ]
  ────────────────────────────────────────────────────────────

  [RECV]  📦 hospital_3 — update #4   [11:59:38.739]
  Received 8 class prototypes:
  ────────────────────────────────────────────────────────────
      class 0 │ norm=7.8388  mean=+0.6219  std=0.7632  min=+0.0000  max=+2.6804
               weights[0:8] → [ +0.0000  +1.2637  +0.8877  +0.0000  +1.1498  +0.1557  +0.8745  +0.4616 ]
      class 1 │ norm=7.7447  mean=+0.6028  std=0.7635  min=+0.0000  max=+2.8348
               weights[0:8] → [ +0.0000  +1.1334  +0.9496  +0.0000  +1.0448  +0.1527  +0.7744  +0.4907 ]
      class 2 │ norm=8.2448  mean=+0.5798  std=0.8588  min=+0.0000  max=+3.4059
               weights[0:8] → [ +0.0000  +0.7673  +1.1155  +0.0000  +0.7519  +0.0778  +0.5198  +0.5631 ]
      class 3 │ norm=7.8572  mean=+0.6289  std=0.7603  min=+0.0000  max=+2.5741
               weights[0:8] → [ +0.0000  +1.3410  +0.8499  +0.0000  +1.2129  +0.1632  +0.9313  +0.4485 ]
      class 4 │ norm=8.0467  mean=+0.5966  std=0.8162  min=+0.0000  max=+3.1622
               weights[0:8] → [ +0.0000  +0.9420  +1.0380  +0.0000  +0.8927  +0.1021  +0.6446  +0.5268 ]
      class 5 │ norm=7.8813  mean=+0.6367  std=0.7577  min=+0.0000  max=+2.3864
               weights[0:8] → [ +0.0000  +1.4620  +0.7899  +0.0000  +1.3116  +0.1807  +1.0166  +0.4272 ]
      class 6 │ norm=7.8770  mean=+0.5932  std=0.7921  min=+0.0000  max=+3.0486
               weights[0:8] → [ +0.0000  +0.9894  +1.0071  +0.0000  +0.9348  +0.1176  +0.6707  +0.5179 ]
      class 7 │ norm=8.9282  mean=+0.5512  std=0.9781  min=+0.0000  max=+3.9013
               weights[0:8] → [ +0.0000  +0.4347  +1.2795  +0.0000  +0.4870  +0.0426  +0.2742  +0.6370 ]
  ────────────────────────────────────────────────────────────

  [GLOBAL]  Current global proto state   [11:59:38.762]
  ────────────────────────────────────────────────────────────
      class 0 │ norm=6.8216  mean=+0.6603  std=0.5438  min=+0.0000  max=+2.1637
               weights[0:8] → [ +0.1980  +0.8584  +0.4214  +2.1637  +0.4992  +0.2615  +0.2624  +1.0079 ]
      class 1 │ norm=6.6366  mean=+0.6313  std=0.5424  min=+0.0000  max=+2.2854
               weights[0:8] → [ +0.2101  +0.8633  +0.4488  +2.2854  +0.4516  +0.2433  +0.2323  +0.8986 ]
      class 2 │ norm=7.8799  mean=+0.6202  std=0.7713  min=+0.0000  max=+3.1031
               weights[0:8] → [ +0.0000  +0.9882  +0.3346  +3.1031  +0.2256  +0.0234  +0.1559  +0.6816 ]
      class 3 │ norm=6.8334  mean=+0.6657  std=0.5394  min=+0.0000  max=+2.0764
               weights[0:8] → [ +0.1869  +0.8648  +0.4008  +2.0764  +0.5317  +0.2784  +0.2794  +1.0415 ]
      class 4 │ norm=6.8464  mean=+0.6231  std=0.5912  min=+0.0000  max=+2.6069
               weights[0:8] → [ +0.2324  +0.8427  +0.4948  +2.6069  +0.3843  +0.1981  +0.1934  +0.7910 ]
      class 5 │ norm=7.6701  mean=+0.6980  std=0.6625  min=+0.0000  max=+2.0999
               weights[0:8] → [ +0.0000  +0.9820  +0.2370  +2.0999  +0.3935  +0.0542  +0.3050  +1.2242 ]
      class 6 │ norm=6.6906  mean=+0.6169  std=0.5692  min=+0.0000  max=+2.4910
               weights[0:8] → [ +0.2242  +0.8439  +0.4781  +2.4910  +0.4028  +0.2110  +0.2012  +0.8067 ]
      class 7 │ norm=7.4081  mean=+0.5656  std=0.7390  min=+0.0000  max=+3.2323
               weights[0:8] → [ +0.2863  +0.8176  +0.6108  +3.2323  +0.2002  +0.1045  +0.0823  +0.4857 ]
  ────────────────────────────────────────────────────────────

  [CLUSTER]  K-Means result   [11:59:38.842]
      hospital_1 → cluster 1
      hospital_2 → cluster 0
      hospital_3 → cluster 0

  [SEND]  📡 → hospital_3   source: cluster 0   [11:59:38.844]
  Sending 8 class prototypes:
  ────────────────────────────────────────────────────────────
      class 0 │ norm=5.7018  mean=+0.5734  std=0.4267  min=+0.0000  max=+1.6175
               weights[0:8] → [ +0.6735  +0.6318  +0.9714  +1.0241  +1.0997  +0.8086  +0.4373  +0.5643 ]
      class 1 │ norm=5.6142  mean=+0.5591  std=0.4276  min=+0.0000  max=+1.7063
               weights[0:8] → [ +0.7146  +0.5667  +1.0325  +1.0661  +0.9922  +0.7481  +0.3872  +0.5882 ]
      class 2 │ norm=8.2448  mean=+0.5798  std=0.8588  min=+0.0000  max=+3.4059
               weights[0:8] → [ +0.0000  +0.7673  +1.1155  +0.0000  +0.7519  +0.0778  +0.5198  +0.5631 ]
      class 3 │ norm=5.7358  mean=+0.5786  std=0.4268  min=+0.0000  max=+1.5613
               weights[0:8] → [ +0.6357  +0.6705  +0.9211  +0.9665  +1.1773  +0.8619  +0.4657  +0.5544 ]
      class 4 │ norm=5.7467  mean=+0.5560  std=0.4585  min=+0.0000  max=+1.8859
               weights[0:8] → [ +0.7905  +0.4710  +1.1428  +1.2235  +0.8427  +0.6207  +0.3223  +0.6055 ]
      class 5 │ norm=7.8813  mean=+0.6367  std=0.7577  min=+0.0000  max=+2.3864
               weights[0:8] → [ +0.0000  +1.4620  +0.7899  +0.0000  +1.3116  +0.1807  +1.0166  +0.4272 ]
      class 6 │ norm=5.6532  mean=+0.5526  std=0.4439  min=+0.0000  max=+1.8212
               weights[0:8] → [ +0.7626  +0.4947  +1.1020  +1.1696  +0.8836  +0.6565  +0.3353  +0.6018 ]
      class 7 │ norm=6.1879  mean=+0.5244  std=0.5730  min=+0.0000  max=+2.3002
               weights[0:8] → [ +0.9737  +0.2174  +1.4116  +1.5243  +0.4277  +0.3333  +0.1371  +0.6824 ]
  ────────────────────────────────────────────────────────────

  [RECV]  📦 hospital_2 — update #5   [11:59:47.203]
  Received 6 class prototypes:
  ────────────────────────────────────────────────────────────
      class 0 │ norm=7.2167  mean=+0.6046  std=0.6748  min=+0.0000  max=+2.1264
               weights[0:8] → [ +1.3987  +0.0000  +1.1431  +2.1264  +1.3101  +1.8518  +0.0000  +0.6474 ]
      class 1 │ norm=6.7767  mean=+0.5666  std=0.6347  min=+0.0000  max=+2.1581
               weights[0:8] → [ +1.4935  +0.0000  +1.2093  +2.1581  +1.0617  +1.6004  +0.0000  +0.7056 ]
      class 3 │ norm=7.3289  mean=+0.6116  std=0.6875  min=+0.0000  max=+2.0044
               weights[0:8] → [ +1.3096  +0.0000  +1.0574  +1.9690  +1.4327  +2.0044  +0.0000  +0.6200 ]
      class 4 │ norm=6.9564  mean=+0.5629  std=0.6680  min=+0.0000  max=+2.5916
               weights[0:8] → [ +1.6450  +0.0000  +1.3683  +2.5916  +0.9015  +1.3042  +0.0000  +0.7077 ]
      class 6 │ norm=6.6916  mean=+0.5435  std=0.6408  min=+0.0000  max=+2.4587
               weights[0:8] → [ +1.5957  +0.0000  +1.3120  +2.4587  +0.8578  +1.2919  +0.0000  +0.7099 ]
      class 7 │ norm=7.5162  mean=+0.4891  std=0.8085  min=+0.0000  max=+3.2955
               weights[0:8] → [ +2.0465  +0.0000  +1.7302  +3.2955  +0.1963  +0.3939  +0.0000  +0.8366 ]
  ────────────────────────────────────────────────────────────

  [GLOBAL]  Current global proto state   [11:59:47.214]
  ────────────────────────────────────────────────────────────
      class 0 │ norm=6.1722  mean=+0.6436  std=0.4288  min=+0.0000  max=+2.1525
               weights[0:8] → [ +0.5582  +0.6009  +0.6379  +2.1525  +0.7425  +0.7386  +0.1837  +0.8997 ]
      class 1 │ norm=5.9617  mean=+0.6119  std=0.4287  min=+0.0000  max=+2.2472
               weights[0:8] → [ +0.5951  +0.6043  +0.6770  +2.2472  +0.6346  +0.6504  +0.1626  +0.8407 ]
      class 2 │ norm=7.8799  mean=+0.6202  std=0.7713  min=+0.0000  max=+3.1031
               weights[0:8] → [ +0.0000  +0.9882  +0.3346  +3.1031  +0.2256  +0.0234  +0.1559  +0.6816 ]
      class 3 │ norm=6.1954  mean=+0.6495  std=0.4251  min=+0.0000  max=+2.0442
               weights[0:8] → [ +0.5237  +0.6054  +0.5978  +2.0442  +0.8020  +0.7962  +0.1956  +0.9150 ]
      class 4 │ norm=6.1414  mean=+0.6051  std=0.4762  min=+0.0000  max=+2.6023
               weights[0:8] → [ +0.6562  +0.5899  +0.7568  +2.6023  +0.5395  +0.5299  +0.1354  +0.7660 ]
      class 5 │ norm=7.6701  mean=+0.6980  std=0.6625  min=+0.0000  max=+2.0999
               weights[0:8] → [ +0.0000  +0.9820  +0.2370  +2.0999  +0.3935  +0.0542  +0.3050  +1.2242 ]
      class 6 │ norm=5.9826  mean=+0.5949  std=0.4567  min=+0.0000  max=+2.4813
               weights[0:8] → [ +0.6357  +0.5907  +0.7282  +2.4813  +0.5393  +0.5353  +0.1408  +0.7776 ]
      class 7 │ norm=6.5931  mean=+0.5426  std=0.6252  min=+0.0000  max=+3.2512
               weights[0:8] → [ +0.8143  +0.5723  +0.9466  +3.2512  +0.1991  +0.1913  +0.0576  +0.5909 ]
  ────────────────────────────────────────────────────────────

  [CLUSTER]  K-Means result   [11:59:47.287]
      hospital_1 → cluster 1
      hospital_2 → cluster 0
      hospital_3 → cluster 0

  [SEND]  📡 → hospital_2   source: cluster 0   [11:59:47.290]
  Sending 8 class prototypes:
  ────────────────────────────────────────────────────────────
      class 0 │ norm=6.0667  mean=+0.6132  std=0.4496  min=+0.0000  max=+1.6471
               weights[0:8] → [ +0.6994  +0.6318  +1.0154  +1.0632  +1.2299  +1.0037  +0.4373  +0.5545 ]
      class 1 │ norm=5.8368  mean=+0.5847  std=0.4398  min=+0.0000  max=+1.7495
               weights[0:8] → [ +0.7467  +0.5667  +1.0794  +1.0791  +1.0532  +0.8765  +0.3872  +0.5981 ]
      class 2 │ norm=8.2448  mean=+0.5798  std=0.8588  min=+0.0000  max=+3.4059
               weights[0:8] → [ +0.0000  +0.7673  +1.1155  +0.0000  +0.7519  +0.0778  +0.5198  +0.5631 ]
      class 3 │ norm=6.1347  mean=+0.6202  std=0.4545  min=+0.0000  max=+1.7359
               weights[0:8] → [ +0.6548  +0.6705  +0.9536  +0.9845  +1.3228  +1.0838  +0.4657  +0.5343 ]
      class 4 │ norm=5.9478  mean=+0.5798  std=0.4691  min=+0.0000  max=+1.9283
               weights[0:8] → [ +0.8225  +0.4710  +1.2031  +1.2958  +0.8971  +0.7032  +0.3223  +0.6172 ]
      class 5 │ norm=7.8813  mean=+0.6367  std=0.7577  min=+0.0000  max=+2.3864
               weights[0:8] → [ +0.0000  +1.4620  +0.7899  +0.0000  +1.3116  +0.1807  +1.0166  +0.4272 ]
      class 6 │ norm=5.7916  mean=+0.5684  std=0.4520  min=+0.0000  max=+1.8661
               weights[0:8] → [ +0.7979  +0.4947  +1.1595  +1.2293  +0.8963  +0.7048  +0.3353  +0.6139 ]
      class 7 │ norm=6.3121  mean=+0.5202  std=0.5980  min=+0.0000  max=+2.3733
               weights[0:8] → [ +1.0232  +0.2174  +1.5048  +1.6478  +0.3417  +0.2183  +0.1371  +0.7368 ]
  ────────────────────────────────────────────────────────────
  [CKPT]  💾 Checkpoint saved → global_models/async_checkpoint_5.pt   update #5

  [RECV]  📦 hospital_1 — update #6   [11:59:59.899]
  Received 8 class prototypes:
  ────────────────────────────────────────────────────────────
      class 0 │ norm=9.8873  mean=+0.7997  std=0.9498  min=+0.0000  max=+3.3257
               weights[0:8] → [ +0.0000  +1.0273  +0.0000  +3.3257  +0.0000  +0.0000  +0.0000  +1.5752 ]
      class 1 │ norm=9.2850  mean=+0.7152  std=0.9213  min=+0.0000  max=+3.5134
               weights[0:8] → [ +0.0000  +1.1524  +0.0000  +3.5134  +0.0000  +0.0000  +0.0000  +1.2142 ]
      class 2 │ norm=9.8867  mean=+0.6466  std=1.0615  min=+0.0000  max=+4.3919
               weights[0:8] → [ +0.0000  +1.2243  +0.0000  +4.3919  +0.0000  +0.0000  +0.0000  +0.6648 ]
      class 3 │ norm=9.7746  mean=+0.7924  std=0.9374  min=+0.0000  max=+3.1961
               weights[0:8] → [ +0.0000  +0.9928  +0.0000  +3.1961  +0.0000  +0.0000  +0.0000  +1.6127 ]
      class 4 │ norm=9.6802  mean=+0.7051  std=0.9912  min=+0.0000  max=+4.0191
               weights[0:8] → [ +0.0000  +1.1492  +0.0000  +4.0191  +0.0000  +0.0000  +0.0000  +0.9964 ]
      class 5 │ norm=9.6900  mean=+0.7903  std=0.9251  min=+0.0000  max=+2.9543
               weights[0:8] → [ +0.0000  +0.9517  +0.0000  +2.9543  +0.0000  +0.0000  +0.0000  +1.7020 ]
      class 6 │ norm=9.3058  mean=+0.6720  std=0.9570  min=+0.0000  max=+3.8507
               weights[0:8] → [ +0.0000  +1.1531  +0.0000  +3.8507  +0.0000  +0.0000  +0.0000  +0.9390 ]
      class 7 │ norm=10.7493  mean=+0.5655  std=1.2285  min=+0.0000  max=+4.9942
               weights[0:8] → [ +0.0000  +1.3896  +0.0000  +4.9942  +0.0000  +0.0000  +0.0000  +0.1559 ]
  ────────────────────────────────────────────────────────────

  [GLOBAL]  Current global proto state   [11:59:59.951]
  ────────────────────────────────────────────────────────────
      class 0 │ norm=7.0425  mean=+0.6904  std=0.5504  min=+0.0000  max=+2.5045
               weights[0:8] → [ +0.3908  +0.7288  +0.4466  +2.5045  +0.5197  +0.5170  +0.1286  +1.1024 ]
      class 1 │ norm=6.7203  mean=+0.6429  std=0.5450  min=+0.0000  max=+2.6271
               weights[0:8] → [ +0.4166  +0.7687  +0.4739  +2.6271  +0.4442  +0.4553  +0.1138  +0.9528 ]
      class 2 │ norm=8.3923  mean=+0.6281  std=0.8469  min=+0.0000  max=+3.4897
               weights[0:8] → [ +0.0000  +1.0590  +0.2343  +3.4897  +0.1579  +0.0163  +0.1092  +0.6766 ]
      class 3 │ norm=7.0175  mean=+0.6924  std=0.5428  min=+0.0000  max=+2.3897
               weights[0:8] → [ +0.3666  +0.7216  +0.4185  +2.3897  +0.5614  +0.5573  +0.1369  +1.1243 ]
      class 4 │ norm=6.9618  mean=+0.6351  std=0.5997  min=+0.0000  max=+3.0273
               weights[0:8] → [ +0.4593  +0.7577  +0.5298  +3.0273  +0.3776  +0.3710  +0.0948  +0.8351 ]
      class 5 │ norm=8.2056  mean=+0.7257  std=0.7306  min=+0.0000  max=+2.3562
               weights[0:8] → [ +0.0000  +0.9729  +0.1659  +2.3562  +0.2754  +0.0379  +0.2135  +1.3675 ]
      class 6 │ norm=6.7378  mean=+0.6180  std=0.5767  min=+0.0000  max=+2.8921
               weights[0:8] → [ +0.4450  +0.7595  +0.5098  +2.8921  +0.3775  +0.3747  +0.0986  +0.8261 ]
      class 7 │ norm=7.5289  mean=+0.5495  std=0.7701  min=+0.0000  max=+3.7741
               weights[0:8] → [ +0.5700  +0.8175  +0.6626  +3.7741  +0.1393  +0.1339  +0.0403  +0.4604 ]
  ────────────────────────────────────────────────────────────

  [CLUSTER]  K-Means result   [12:00:00.123]
      hospital_1 → cluster 1
      hospital_2 → cluster 0
      hospital_3 → cluster 0

  [SEND]  📡 → hospital_1   source: cluster 1   [12:00:00.130]
  Sending 8 class prototypes:
  ────────────────────────────────────────────────────────────
      class 0 │ norm=9.8873  mean=+0.7997  std=0.9498  min=+0.0000  max=+3.3257
               weights[0:8] → [ +0.0000  +1.0273  +0.0000  +3.3257  +0.0000  +0.0000  +0.0000  +1.5752 ]
      class 1 │ norm=9.2850  mean=+0.7152  std=0.9213  min=+0.0000  max=+3.5134
               weights[0:8] → [ +0.0000  +1.1524  +0.0000  +3.5134  +0.0000  +0.0000  +0.0000  +1.2142 ]
      class 2 │ norm=9.8867  mean=+0.6466  std=1.0615  min=+0.0000  max=+4.3919
               weights[0:8] → [ +0.0000  +1.2243  +0.0000  +4.3919  +0.0000  +0.0000  +0.0000  +0.6648 ]
      class 3 │ norm=9.7746  mean=+0.7924  std=0.9374  min=+0.0000  max=+3.1961
               weights[0:8] → [ +0.0000  +0.9928  +0.0000  +3.1961  +0.0000  +0.0000  +0.0000  +1.6127 ]
      class 4 │ norm=9.6802  mean=+0.7051  std=0.9912  min=+0.0000  max=+4.0191
               weights[0:8] → [ +0.0000  +1.1492  +0.0000  +4.0191  +0.0000  +0.0000  +0.0000  +0.9964 ]
      class 5 │ norm=9.6900  mean=+0.7903  std=0.9251  min=+0.0000  max=+2.9543
               weights[0:8] → [ +0.0000  +0.9517  +0.0000  +2.9543  +0.0000  +0.0000  +0.0000  +1.7020 ]
      class 6 │ norm=9.3058  mean=+0.6720  std=0.9570  min=+0.0000  max=+3.8507
               weights[0:8] → [ +0.0000  +1.1531  +0.0000  +3.8507  +0.0000  +0.0000  +0.0000  +0.9390 ]
      class 7 │ norm=10.7493  mean=+0.5655  std=1.2285  min=+0.0000  max=+4.9942
               weights[0:8] → [ +0.0000  +1.3896  +0.0000  +4.9942  +0.0000  +0.0000  +0.0000  +0.1559 ]
  ────────────────────────────────────────────────────────────

  [RECV]  📦 hospital_3 — update #7   [12:00:06.750]
  Received 8 class prototypes:
  ────────────────────────────────────────────────────────────
      class 0 │ norm=6.5745  mean=+0.5806  std=0.5863  min=+0.0000  max=+1.8183
               weights[0:8] → [ +0.7423  +1.0894  +1.0285  +0.0000  +1.4042  +0.7090  +0.7606  +0.7555 ]
      class 1 │ norm=5.9338  mean=+0.5199  std=0.5332  min=+0.0000  max=+1.8813
               weights[0:8] → [ +0.6663  +0.8752  +1.1214  +0.0000  +1.2095  +0.6743  +0.5834  +0.8138 ]
      class 2 │ norm=6.0427  mean=+0.4714  std=0.5948  min=+0.0000  max=+2.4189
               weights[0:8] → [ +0.5037  +0.4843  +1.2853  +0.0000  +0.7544  +0.3781  +0.3340  +0.8931 ]
      class 3 │ norm=6.6323  mean=+0.5848  std=0.5923  min=+0.0000  max=+1.9077
               weights[0:8] → [ +0.7685  +1.1424  +0.9771  +0.0000  +1.4980  +0.7450  +0.7922  +0.7384 ]
      class 4 │ norm=6.1243  mean=+0.5139  std=0.5719  min=+0.0000  max=+2.2263
               weights[0:8] → [ +0.5897  +0.7024  +1.1981  +0.0000  +0.9830  +0.4889  +0.4906  +0.8437 ]
      class 5 │ norm=6.7610  mean=+0.5915  std=0.6084  min=+0.0000  max=+2.0749
               weights[0:8] → [ +0.8103  +1.2300  +0.9014  +0.0000  +1.6358  +0.8130  +0.8464  +0.7125 ]
      class 6 │ norm=5.7939  mean=+0.4875  std=0.5398  min=+0.0000  max=+2.1027
               weights[0:8] → [ +0.5838  +0.6574  +1.1746  +0.0000  +0.9969  +0.5330  +0.4436  +0.8447 ]
      class 7 │ norm=6.5463  mean=+0.4048  std=0.7168  min=+0.0000  max=+2.8482
               weights[0:8] → [ +0.3385  +0.1068  +1.4854  +0.0000  +0.3131  +0.1957  +0.0660  +1.0042 ]
  ────────────────────────────────────────────────────────────

  [GLOBAL]  Current global proto state   [12:00:06.769]
  ────────────────────────────────────────────────────────────
      class 0 │ norm=6.2894  mean=+0.6575  std=0.4344  min=+0.0000  max=+1.7531
               weights[0:8] → [ +0.4962  +0.8370  +0.6211  +1.7531  +0.7851  +0.5746  +0.3182  +0.9983 ]
      class 1 │ norm=5.8982  mean=+0.6060  std=0.4233  min=+0.0000  max=+1.8389
               weights[0:8] → [ +0.4915  +0.8007  +0.6681  +1.8389  +0.6738  +0.5210  +0.2547  +0.9111 ]
      class 2 │ norm=6.8915  mean=+0.5811  std=0.6410  min=+0.0000  max=+2.5446
               weights[0:8] → [ +0.1511  +0.8866  +0.5496  +2.4428  +0.3369  +0.1249  +0.1766  +0.7415 ]
      class 3 │ norm=6.2906  mean=+0.6601  std=0.4307  min=+0.0000  max=+1.6728
               weights[0:8] → [ +0.4872  +0.8479  +0.5861  +1.6728  +0.8424  +0.6136  +0.3335  +1.0086 ]
      class 4 │ norm=6.0563  mean=+0.5987  std=0.4670  min=+0.0000  max=+2.1191
               weights[0:8] → [ +0.4984  +0.7411  +0.7303  +2.1191  +0.5592  +0.4063  +0.2135  +0.8377 ]
      class 5 │ norm=7.0358  mean=+0.6854  std=0.5554  min=+0.0000  max=+1.7226
               weights[0:8] → [ +0.2431  +1.0500  +0.3865  +1.6493  +0.6836  +0.2705  +0.4034  +1.1710 ]
      class 6 │ norm=5.8350  mean=+0.5789  std=0.4473  min=+0.0000  max=+2.0245
               weights[0:8] → [ +0.4866  +0.7288  +0.7092  +2.0245  +0.5633  +0.4222  +0.2021  +0.8317 ]
      class 7 │ norm=6.3387  mean=+0.5061  std=0.6145  min=+0.0000  max=+2.6419
               weights[0:8] → [ +0.5006  +0.6043  +0.9094  +2.6419  +0.1915  +0.1525  +0.0480  +0.6236 ]
  ────────────────────────────────────────────────────────────

  [CLUSTER]  K-Means result   [12:00:06.884]
      hospital_1 → cluster 1
      hospital_2 → cluster 0
      hospital_3 → cluster 0

  [SEND]  📡 → hospital_3   source: cluster 0   [12:00:06.900]
  Sending 8 class prototypes:
  ────────────────────────────────────────────────────────────
      class 0 │ norm=5.9167  mean=+0.5926  std=0.4460  min=+0.0000  max=+1.6672
               weights[0:8] → [ +1.0705  +0.5447  +1.0858  +1.0632  +1.3571  +1.2804  +0.3803  +0.7014 ]
      class 1 │ norm=5.4592  mean=+0.5432  std=0.4163  min=+0.0000  max=+1.5150
               weights[0:8] → [ +1.0799  +0.4376  +1.1653  +1.0791  +1.1356  +1.1373  +0.2917  +0.7597 ]
      class 2 │ norm=6.0427  mean=+0.4714  std=0.5948  min=+0.0000  max=+2.4189
               weights[0:8] → [ +0.5037  +0.4843  +1.2853  +0.0000  +0.7544  +0.3781  +0.3340  +0.8931 ]
      class 3 │ norm=6.0074  mean=+0.5982  std=0.4575  min=+0.0000  max=+1.7910
               weights[0:8] → [ +1.0390  +0.5712  +1.0172  +0.9845  +1.4653  +1.3747  +0.3961  +0.6792 ]
      class 4 │ norm=5.5106  mean=+0.5384  std=0.4331  min=+0.0000  max=+1.5564
               weights[0:8] → [ +1.1173  +0.3512  +1.2832  +1.2958  +0.9422  +0.8965  +0.2453  +0.7757 ]
      class 5 │ norm=6.7610  mean=+0.5915  std=0.6084  min=+0.0000  max=+2.0749
               weights[0:8] → [ +0.8103  +1.2300  +0.9014  +0.0000  +1.6358  +0.8130  +0.8464  +0.7125 ]
      class 6 │ norm=5.2856  mean=+0.5155  std=0.4165  min=+0.0000  max=+1.4971
               weights[0:8] → [ +1.0898  +0.3287  +1.2433  +1.2293  +0.9273  +0.9125  +0.2218  +0.7773 ]
      class 7 │ norm=5.6354  mean=+0.4469  std=0.5488  min=+0.0000  max=+1.9284
               weights[0:8] → [ +1.1925  +0.0534  +1.6078  +1.6478  +0.2547  +0.2948  +0.0330  +0.9204 ]
  ────────────────────────────────────────────────────────────

  [RECV]  📦 hospital_2 — update #8   [12:00:14.485]
  Received 6 class prototypes:
  ────────────────────────────────────────────────────────────
      class 0 │ norm=6.7185  mean=+0.6438  std=0.5435  min=+0.0000  max=+1.9298
               weights[0:8] → [ +0.7408  +0.0000  +1.0541  +1.0836  +1.4782  +1.3303  +0.2785  +0.6012 ]
      class 1 │ norm=6.1463  mean=+0.5851  std=0.5018  min=+0.0000  max=+1.9332
               weights[0:8] → [ +0.8240  +0.0000  +1.1490  +1.0633  +1.1130  +1.0424  +0.2733  +0.6978 ]
      class 3 │ norm=6.7835  mean=+0.6454  std=0.5543  min=+0.0000  max=+2.0164
               weights[0:8] → [ +0.6822  +0.0000  +0.9783  +0.9760  +1.5778  +1.3982  +0.2540  +0.5686 ]
      class 4 │ norm=6.2007  mean=+0.5878  std=0.5092  min=+0.0000  max=+1.9472
               weights[0:8] → [ +0.8790  +0.0000  +1.2472  +1.3859  +1.0042  +0.8862  +0.3447  +0.6476 ]
      class 6 │ norm=5.9115  mean=+0.5553  std=0.4913  min=+0.0000  max=+1.9417
               weights[0:8] → [ +0.8578  +0.0000  +1.2152  +1.2897  +0.8891  +0.7880  +0.3173  +0.6664 ]
      class 7 │ norm=6.3969  mean=+0.4864  std=0.6397  min=+0.0000  max=+2.3441
               weights[0:8] → [ +1.1249  +0.0000  +1.5794  +1.8470  +0.1539  +0.1275  +0.4348  +0.7838 ]
  ────────────────────────────────────────────────────────────

  [GLOBAL]  Current global proto state   [12:00:14.495]
  ────────────────────────────────────────────────────────────
      class 0 │ norm=6.1264  mean=+0.6534  std=0.4026  min=+0.0000  max=+1.6683
               weights[0:8] → [ +0.5696  +0.5859  +0.7510  +1.5522  +0.9930  +0.8013  +0.3063  +0.8792 ]
      class 1 │ norm=5.6992  mean=+0.5997  std=0.3875  min=+0.0000  max=+1.6063
               weights[0:8] → [ +0.5912  +0.5605  +0.8124  +1.6063  +0.8056  +0.6774  +0.2603  +0.8471 ]
      class 2 │ norm=6.8915  mean=+0.5811  std=0.6410  min=+0.0000  max=+2.5446
               weights[0:8] → [ +0.1511  +0.8866  +0.5496  +2.4428  +0.3369  +0.1249  +0.1766  +0.7415 ]
      class 3 │ norm=6.1434  mean=+0.6557  std=0.4029  min=+0.0000  max=+1.6483
               weights[0:8] → [ +0.5457  +0.5935  +0.7037  +1.4638  +1.0630  +0.8490  +0.3096  +0.8766 ]
      class 4 │ norm=5.8170  mean=+0.5954  std=0.4206  min=+0.0000  max=+1.8992
               weights[0:8] → [ +0.6126  +0.5188  +0.8854  +1.8992  +0.6927  +0.5503  +0.2529  +0.7807 ]
      class 5 │ norm=7.0358  mean=+0.6854  std=0.5554  min=+0.0000  max=+1.7226
               weights[0:8] → [ +0.2431  +1.0500  +0.3865  +1.6493  +0.6836  +0.2705  +0.4034  +1.1710 ]
      class 6 │ norm=5.5893  mean=+0.5718  std=0.4046  min=+0.0000  max=+1.8040
               weights[0:8] → [ +0.5980  +0.5102  +0.8610  +1.8040  +0.6611  +0.5319  +0.2366  +0.7821 ]
      class 7 │ norm=5.9650  mean=+0.5002  std=0.5574  min=+0.0000  max=+2.4034
               weights[0:8] → [ +0.6879  +0.4230  +1.1104  +2.4034  +0.1802  +0.1450  +0.1641  +0.6717 ]
  ────────────────────────────────────────────────────────────

  [CLUSTER]  K-Means result   [12:00:14.571]
      hospital_1 → cluster 1
      hospital_2 → cluster 0
      hospital_3 → cluster 0

  [SEND]  📡 → hospital_2   source: cluster 0   [12:00:14.579]
  Sending 8 class prototypes:
  ────────────────────────────────────────────────────────────
      class 0 │ norm=6.3272  mean=+0.6122  std=0.5047  min=+0.0000  max=+1.8483
               weights[0:8] → [ +0.7415  +0.5447  +1.0413  +0.5418  +1.4412  +1.0196  +0.5195  +0.6783 ]
      class 1 │ norm=5.8000  mean=+0.5525  std=0.4732  min=+0.0000  max=+1.8880
               weights[0:8] → [ +0.7452  +0.4376  +1.1352  +0.5316  +1.1612  +0.8583  +0.4284  +0.7558 ]
      class 2 │ norm=6.0427  mean=+0.4714  std=0.5948  min=+0.0000  max=+2.4189
               weights[0:8] → [ +0.5037  +0.4843  +1.2853  +0.0000  +0.7544  +0.3781  +0.3340  +0.8931 ]
      class 3 │ norm=6.3748  mean=+0.6151  std=0.5106  min=+0.0000  max=+1.9620
               weights[0:8] → [ +0.7253  +0.5712  +0.9777  +0.4880  +1.5379  +1.0716  +0.5231  +0.6535 ]
      class 4 │ norm=5.9010  mean=+0.5508  std=0.4945  min=+0.0000  max=+2.0867
               weights[0:8] → [ +0.7343  +0.3512  +1.2226  +0.6929  +0.9936  +0.6875  +0.4177  +0.7457 ]
      class 5 │ norm=6.7610  mean=+0.5915  std=0.6084  min=+0.0000  max=+2.0749
               weights[0:8] → [ +0.8103  +1.2300  +0.9014  +0.0000  +1.6358  +0.8130  +0.8464  +0.7125 ]
      class 6 │ norm=5.6242  mean=+0.5214  std=0.4753  min=+0.0000  max=+2.0222
               weights[0:8] → [ +0.7208  +0.3287  +1.1949  +0.6448  +0.9430  +0.6605  +0.3804  +0.7555 ]
      class 7 │ norm=6.0361  mean=+0.4456  std=0.6137  min=+0.0000  max=+2.5962
               weights[0:8] → [ +0.7317  +0.0534  +1.5324  +0.9235  +0.2335  +0.1616  +0.2504  +0.8940 ]
  ────────────────────────────────────────────────────────────

  [RECV]  📦 hospital_1 — update #9   [12:00:27.145]
  Received 8 class prototypes:
  ────────────────────────────────────────────────────────────
      class 0 │ norm=10.2046  mean=+0.8299  std=0.9763  min=+0.0000  max=+3.4870
               weights[0:8] → [ +0.0000  +1.0628  +0.0000  +3.4870  +0.0000  +0.0000  +0.0000  +1.6108 ]
      class 1 │ norm=9.6004  mean=+0.7371  std=0.9545  min=+0.0000  max=+3.7022
               weights[0:8] → [ +0.0000  +1.2300  +0.0000  +3.7022  +0.0000  +0.0000  +0.0000  +1.2335 ]
      class 2 │ norm=10.0683  mean=+0.6562  std=1.0824  min=+0.0000  max=+4.5389
               weights[0:8] → [ +0.0000  +1.2047  +0.0000  +4.5389  +0.0000  +0.0000  +0.0000  +0.6691 ]
      class 3 │ norm=10.0281  mean=+0.8147  std=0.9602  min=+0.0000  max=+3.3746
               weights[0:8] → [ +0.0000  +1.0222  +0.0000  +3.3746  +0.0000  +0.0000  +0.0000  +1.6306 ]
      class 4 │ norm=9.9059  mean=+0.7239  std=1.0126  min=+0.0000  max=+4.1659
               weights[0:8] → [ +0.0000  +1.1465  +0.0000  +4.1659  +0.0000  +0.0000  +0.0000  +1.0160 ]
      class 5 │ norm=9.9024  mean=+0.8066  std=0.9463  min=+0.0000  max=+3.1529
               weights[0:8] → [ +0.0000  +0.9870  +0.0000  +3.1529  +0.0000  +0.0000  +0.0000  +1.7075 ]
      class 6 │ norm=9.5608  mean=+0.6863  std=0.9861  min=+0.0000  max=+4.0291
               weights[0:8] → [ +0.0000  +1.1786  +0.0000  +4.0291  +0.0000  +0.0000  +0.0000  +0.9415 ]
      class 7 │ norm=10.9096  mean=+0.5676  std=1.2498  min=+0.0000  max=+5.1358
               weights[0:8] → [ +0.0000  +1.3766  +0.0000  +5.1358  +0.0000  +0.0000  +0.0000  +0.1490 ]
  ────────────────────────────────────────────────────────────

  [GLOBAL]  Current global proto state   [12:00:27.159]
  ────────────────────────────────────────────────────────────
      class 0 │ norm=6.9382  mean=+0.7063  std=0.5072  min=+0.0000  max=+2.1327
               weights[0:8] → [ +0.3987  +0.7289  +0.5257  +2.1327  +0.6951  +0.5609  +0.2144  +1.0986 ]
      class 1 │ norm=6.4567  mean=+0.6409  std=0.4944  min=+0.0000  max=+2.2350
               weights[0:8] → [ +0.4139  +0.7613  +0.5687  +2.2350  +0.5639  +0.4742  +0.1822  +0.9630 ]
      class 2 │ norm=7.6768  mean=+0.6036  std=0.7519  min=+0.0000  max=+3.0716
               weights[0:8] → [ +0.1058  +0.9820  +0.3847  +3.0716  +0.2358  +0.0874  +0.1236  +0.7198 ]
      class 3 │ norm=6.8841  mean=+0.7034  std=0.4996  min=+0.0000  max=+2.0370
               weights[0:8] → [ +0.3820  +0.7221  +0.4926  +2.0370  +0.7441  +0.5943  +0.2167  +1.1028 ]
      class 4 │ norm=6.6307  mean=+0.6340  std=0.5381  min=+0.0000  max=+2.5792
               weights[0:8] → [ +0.4288  +0.7071  +0.6198  +2.5792  +0.4849  +0.3852  +0.1770  +0.8513 ]
      class 5 │ norm=7.7325  mean=+0.7218  std=0.6480  min=+0.0000  max=+2.1004
               weights[0:8] → [ +0.1702  +1.0311  +0.2706  +2.1004  +0.4785  +0.1893  +0.2824  +1.3319 ]
      class 6 │ norm=6.3678  mean=+0.6062  std=0.5200  min=+0.0000  max=+2.4715
               weights[0:8] → [ +0.4186  +0.7107  +0.6027  +2.4715  +0.4627  +0.3723  +0.1657  +0.8299 ]
      class 7 │ norm=6.9254  mean=+0.5204  std=0.6973  min=+0.0000  max=+3.2231
               weights[0:8] → [ +0.4815  +0.7091  +0.7773  +3.2231  +0.1261  +0.1015  +0.1148  +0.5149 ]
  ────────────────────────────────────────────────────────────

  [CLUSTER]  K-Means result   [12:00:27.218]
      hospital_1 → cluster 1
      hospital_2 → cluster 0
      hospital_3 → cluster 0

  [SEND]  📡 → hospital_1   source: cluster 1   [12:00:27.220]
  Sending 8 class prototypes:
  ────────────────────────────────────────────────────────────
      class 0 │ norm=10.2046  mean=+0.8299  std=0.9763  min=+0.0000  max=+3.4870
               weights[0:8] → [ +0.0000  +1.0628  +0.0000  +3.4870  +0.0000  +0.0000  +0.0000  +1.6108 ]
      class 1 │ norm=9.6004  mean=+0.7371  std=0.9545  min=+0.0000  max=+3.7022
               weights[0:8] → [ +0.0000  +1.2300  +0.0000  +3.7022  +0.0000  +0.0000  +0.0000  +1.2335 ]
      class 2 │ norm=10.0683  mean=+0.6562  std=1.0824  min=+0.0000  max=+4.5389
               weights[0:8] → [ +0.0000  +1.2047  +0.0000  +4.5389  +0.0000  +0.0000  +0.0000  +0.6691 ]
      class 3 │ norm=10.0281  mean=+0.8147  std=0.9602  min=+0.0000  max=+3.3746
               weights[0:8] → [ +0.0000  +1.0222  +0.0000  +3.3746  +0.0000  +0.0000  +0.0000  +1.6306 ]
      class 4 │ norm=9.9059  mean=+0.7239  std=1.0126  min=+0.0000  max=+4.1659
               weights[0:8] → [ +0.0000  +1.1465  +0.0000  +4.1659  +0.0000  +0.0000  +0.0000  +1.0160 ]
      class 5 │ norm=9.9024  mean=+0.8066  std=0.9463  min=+0.0000  max=+3.1529
               weights[0:8] → [ +0.0000  +0.9870  +0.0000  +3.1529  +0.0000  +0.0000  +0.0000  +1.7075 ]
      class 6 │ norm=9.5608  mean=+0.6863  std=0.9861  min=+0.0000  max=+4.0291
               weights[0:8] → [ +0.0000  +1.1786  +0.0000  +4.0291  +0.0000  +0.0000  +0.0000  +0.9415 ]
      class 7 │ norm=10.9096  mean=+0.5676  std=1.2498  min=+0.0000  max=+5.1358
               weights[0:8] → [ +0.0000  +1.3766  +0.0000  +5.1358  +0.0000  +0.0000  +0.0000  +0.1490 ]
  ────────────────────────────────────────────────────────────

  [RECV]  📦 hospital_3 — update #10   [12:00:32.705]
  Received 8 class prototypes:
  ────────────────────────────────────────────────────────────
      class 0 │ norm=6.0660  mean=+0.5447  std=0.5317  min=+0.0000  max=+1.8052
               weights[0:8] → [ +1.1171  +0.8809  +1.1633  +0.0000  +1.4093  +1.0406  +0.6042  +0.7349 ]
      class 1 │ norm=5.3426  mean=+0.4776  std=0.4705  min=+0.0000  max=+1.5068
               weights[0:8] → [ +1.0565  +0.7126  +1.3055  +0.0000  +1.2114  +1.0231  +0.4145  +0.8278 ]
      class 2 │ norm=5.2466  mean=+0.4285  std=0.5004  min=+0.0000  max=+1.9951
               weights[0:8] → [ +0.9001  +0.3614  +1.4337  +0.0000  +0.6817  +0.5027  +0.2455  +0.8743 ]
      class 3 │ norm=6.0374  mean=+0.5382  std=0.5333  min=+0.0000  max=+1.8810
               weights[0:8] → [ +1.1196  +0.8911  +1.1085  +0.0000  +1.4958  +1.0873  +0.5975  +0.7219 ]
      class 4 │ norm=5.4394  mean=+0.4755  std=0.4899  min=+0.0000  max=+1.8253
               weights[0:8] → [ +0.9812  +0.5559  +1.3368  +0.0000  +0.9383  +0.6804  +0.3871  +0.8190 ]
      class 5 │ norm=6.0909  mean=+0.5351  std=0.5458  min=+0.0000  max=+2.0156
               weights[0:8] → [ +1.1418  +0.9424  +1.0275  +0.0000  +1.6319  +1.1833  +0.6130  +0.7007 ]
      class 6 │ norm=5.1027  mean=+0.4425  std=0.4630  min=+0.0000  max=+1.7194
               weights[0:8] → [ +0.9632  +0.4998  +1.3355  +0.0000  +0.9403  +0.7476  +0.3151  +0.8418 ]
      class 7 │ norm=5.6319  mean=+0.3647  std=0.6069  min=+0.0000  max=+2.3726
               weights[0:8] → [ +0.7715  +0.0714  +1.6591  +0.0000  +0.2196  +0.2230  +0.0336  +0.9934 ]
  ────────────────────────────────────────────────────────────

  [GLOBAL]  Current global proto state   [12:00:32.713]
  ────────────────────────────────────────────────────────────
      class 0 │ norm=6.2153  mean=+0.6578  std=0.4166  min=+0.0000  max=+1.5501
               weights[0:8] → [ +0.6142  +0.7745  +0.7170  +1.4929  +0.9094  +0.7048  +0.3313  +0.9895 ]
      class 1 │ norm=5.6895  mean=+0.5919  std=0.3973  min=+0.0000  max=+1.5645
               weights[0:8] → [ +0.6067  +0.7467  +0.7897  +1.5645  +0.7581  +0.6389  +0.2519  +0.9225 ]
      class 2 │ norm=6.3032  mean=+0.5511  std=0.5676  min=+0.0000  max=+2.2652
               weights[0:8] → [ +0.3441  +0.7958  +0.6994  +2.1501  +0.3696  +0.2120  +0.1602  +0.7661 ]
      class 3 │ norm=6.1700  mean=+0.6538  std=0.4123  min=+0.0000  max=+1.4976
               weights[0:8] → [ +0.6033  +0.7728  +0.6774  +1.4259  +0.9696  +0.7422  +0.3310  +0.9885 ]
      class 4 │ norm=5.8183  mean=+0.5864  std=0.4336  min=+0.0000  max=+1.8054
               weights[0:8] → [ +0.5945  +0.6617  +0.8349  +1.8054  +0.6209  +0.4738  +0.2400  +0.8416 ]
      class 5 │ norm=6.5992  mean=+0.6658  std=0.4909  min=+0.0000  max=+1.5169
               weights[0:8] → [ +0.4617  +1.0045  +0.4976  +1.4703  +0.8245  +0.4875  +0.3816  +1.1426 ]
      class 6 │ norm=5.5497  mean=+0.5571  std=0.4167  min=+0.0000  max=+1.7301
               weights[0:8] → [ +0.5820  +0.6474  +0.8225  +1.7301  +0.6060  +0.4849  +0.2105  +0.8335 ]
      class 7 │ norm=5.9226  mean=+0.4737  std=0.5734  min=+0.0000  max=+2.2562
               weights[0:8] → [ +0.5685  +0.5178  +1.0419  +2.2562  +0.1542  +0.1379  +0.0905  +0.6584 ]
  ────────────────────────────────────────────────────────────

  [CLUSTER]  K-Means result   [12:00:32.801]
      hospital_1 → cluster 1
      hospital_2 → cluster 0
      hospital_3 → cluster 0

  [SEND]  📡 → hospital_3   source: cluster 0   [12:00:32.811]
  Sending 8 class prototypes:
  ────────────────────────────────────────────────────────────
      class 0 │ norm=6.1241  mean=+0.5942  std=0.4864  min=+0.0000  max=+1.8506
               weights[0:8] → [ +0.9290  +0.4404  +1.1087  +0.5418  +1.4438  +1.1855  +0.4414  +0.6680 ]
      class 1 │ norm=5.5348  mean=+0.5314  std=0.4466  min=+0.0000  max=+1.6936
               weights[0:8] → [ +0.9402  +0.3563  +1.2273  +0.5316  +1.1622  +1.0327  +0.3439  +0.7628 ]
      class 2 │ norm=5.2466  mean=+0.4285  std=0.5004  min=+0.0000  max=+1.9951
               weights[0:8] → [ +0.9001  +0.3614  +1.4337  +0.0000  +0.6817  +0.5027  +0.2455  +0.8743 ]
      class 3 │ norm=6.1360  mean=+0.5918  std=0.4918  min=+0.0000  max=+1.9436
               weights[0:8] → [ +0.9009  +0.4456  +1.0434  +0.4880  +1.5368  +1.2427  +0.4257  +0.6453 ]
      class 4 │ norm=5.6087  mean=+0.5316  std=0.4607  min=+0.0000  max=+1.8863
               weights[0:8] → [ +0.9301  +0.2779  +1.2920  +0.6929  +0.9712  +0.7833  +0.3659  +0.7333 ]
      class 5 │ norm=6.0909  mean=+0.5351  std=0.5458  min=+0.0000  max=+2.0156
               weights[0:8] → [ +1.1418  +0.9424  +1.0275  +0.0000  +1.6319  +1.1833  +0.6130  +0.7007 ]
      class 6 │ norm=5.3157  mean=+0.4989  std=0.4423  min=+0.0000  max=+1.8306
               weights[0:8] → [ +0.9105  +0.2499  +1.2753  +0.6448  +0.9147  +0.7678  +0.3162  +0.7541 ]
      class 7 │ norm=5.6558  mean=+0.4255  std=0.5690  min=+0.0000  max=+2.3584
               weights[0:8] → [ +0.9482  +0.0357  +1.6193  +0.9235  +0.1867  +0.1753  +0.2342  +0.8886 ]
  ────────────────────────────────────────────────────────────
  [CKPT]  💾 Checkpoint saved → global_models/async_checkpoint_10.pt   update #10

  [RECV]  📦 hospital_2 — update #11   [12:00:33.459]
  Received 6 class prototypes:
  ────────────────────────────────────────────────────────────
      class 0 │ norm=6.7685  mean=+0.6346  std=0.5639  min=+0.0000  max=+1.9941
               weights[0:8] → [ +0.6989  +0.0000  +1.1384  +0.5637  +1.6213  +1.2612  +0.4375  +0.6859 ]
      class 1 │ norm=6.1425  mean=+0.5656  std=0.5234  min=+0.0000  max=+2.0924
               weights[0:8] → [ +0.8440  +0.0000  +1.2921  +0.5372  +1.1478  +0.9735  +0.4244  +0.8406 ]
      class 3 │ norm=6.7879  mean=+0.6317  std=0.5710  min=+0.0000  max=+2.0770
               weights[0:8] → [ +0.6519  +0.0000  +1.0594  +0.4998  +1.6981  +1.2903  +0.4021  +0.6467 ]
      class 4 │ norm=6.0749  mean=+0.5638  std=0.5127  min=+0.0000  max=+2.0841
               weights[0:8] → [ +0.7591  +0.0000  +1.3132  +0.7625  +1.0982  +0.8355  +0.5439  +0.7082 ]
      class 6 │ norm=5.7671  mean=+0.5250  std=0.4979  min=+0.0000  max=+2.0899
               weights[0:8] → [ +0.7802  +0.0000  +1.2997  +0.7011  +0.9252  +0.7164  +0.5063  +0.7492 ]
      class 7 │ norm=6.0508  mean=+0.4374  std=0.6220  min=+0.0000  max=+2.5158
               weights[0:8] → [ +0.9416  +0.0000  +1.6504  +1.0717  +0.1304  +0.1066  +0.6896  +0.8524 ]
  ────────────────────────────────────────────────────────────

  [GLOBAL]  Current global proto state   [12:00:33.474]
  ────────────────────────────────────────────────────────────
      class 0 │ norm=6.1480  mean=+0.6509  std=0.4118  min=+0.0000  max=+1.6833
               weights[0:8] → [ +0.6396  +0.5422  +0.8434  +1.2141  +1.1229  +0.8718  +0.3632  +0.8984 ]
      class 1 │ norm=5.5853  mean=+0.5840  std=0.3855  min=+0.0000  max=+1.6148
               weights[0:8] → [ +0.6779  +0.5227  +0.9405  +1.2563  +0.8750  +0.7392  +0.3036  +0.8979 ]
      class 2 │ norm=6.3032  mean=+0.5511  std=0.5676  min=+0.0000  max=+2.2652
               weights[0:8] → [ +0.3441  +0.7958  +0.6994  +2.1501  +0.3696  +0.2120  +0.1602  +0.7661 ]
      class 3 │ norm=6.1257  mean=+0.6472  std=0.4125  min=+0.0000  max=+1.6690
               weights[0:8] → [ +0.6179  +0.5410  +0.7920  +1.1481  +1.1882  +0.9066  +0.3523  +0.8860 ]
      class 4 │ norm=5.6552  mean=+0.5796  std=0.4079  min=+0.0000  max=+1.5901
               weights[0:8] → [ +0.6439  +0.4632  +0.9784  +1.4925  +0.7641  +0.5823  +0.3312  +0.8016 ]
      class 5 │ norm=6.5992  mean=+0.6658  std=0.4909  min=+0.0000  max=+1.5169
               weights[0:8] → [ +0.4617  +1.0045  +0.4976  +1.4703  +0.8245  +0.4875  +0.3816  +1.1426 ]
      class 6 │ norm=5.3795  mean=+0.5474  std=0.3936  min=+0.0000  max=+1.5160
               weights[0:8] → [ +0.6414  +0.4532  +0.9657  +1.4214  +0.7018  +0.5544  +0.2992  +0.8082 ]
      class 7 │ norm=5.6150  mean=+0.4628  std=0.5319  min=+0.0000  max=+1.9008
               weights[0:8] → [ +0.6804  +0.3624  +1.2244  +1.9008  +0.1470  +0.1286  +0.2702  +0.7166 ]
  ────────────────────────────────────────────────────────────

  [CLUSTER]  K-Means result   [12:00:33.583]
      hospital_1 → cluster 1
      hospital_2 → cluster 0
      hospital_3 → cluster 0

  [SEND]  📡 → hospital_2   source: cluster 0   [12:00:33.587]
  Sending 8 class prototypes:
  ────────────────────────────────────────────────────────────
      class 0 │ norm=6.2464  mean=+0.5896  std=0.5159  min=+0.0000  max=+1.8922
               weights[0:8] → [ +0.9080  +0.4404  +1.1508  +0.2818  +1.5153  +1.1509  +0.5209  +0.7104 ]
      class 1 │ norm=5.6051  mean=+0.5216  std=0.4715  min=+0.0000  max=+1.7822
               weights[0:8] → [ +0.9502  +0.3563  +1.2988  +0.2686  +1.1796  +0.9983  +0.4194  +0.8342 ]
      class 2 │ norm=5.2466  mean=+0.4285  std=0.5004  min=+0.0000  max=+1.9951
               weights[0:8] → [ +0.9001  +0.3614  +1.4337  +0.0000  +0.6817  +0.5027  +0.2455  +0.8743 ]
      class 3 │ norm=6.2374  mean=+0.5849  std=0.5196  min=+0.0000  max=+1.9739
               weights[0:8] → [ +0.8858  +0.4456  +1.0840  +0.2499  +1.5970  +1.1888  +0.4998  +0.6843 ]
      class 4 │ norm=5.6409  mean=+0.5196  std=0.4804  min=+0.0000  max=+1.9547
               weights[0:8] → [ +0.8702  +0.2779  +1.3250  +0.3813  +1.0183  +0.7580  +0.4655  +0.7636 ]
      class 5 │ norm=6.0909  mean=+0.5351  std=0.5458  min=+0.0000  max=+2.0156
               weights[0:8] → [ +1.1418  +0.9424  +1.0275  +0.0000  +1.6319  +1.1833  +0.6130  +0.7007 ]
      class 6 │ norm=5.3285  mean=+0.4837  std=0.4615  min=+0.0000  max=+1.9047
               weights[0:8] → [ +0.8717  +0.2499  +1.3176  +0.3505  +0.9327  +0.7320  +0.4107  +0.7955 ]
      class 7 │ norm=5.6214  mean=+0.4010  std=0.5816  min=+0.0000  max=+2.4442
               weights[0:8] → [ +0.8566  +0.0357  +1.6548  +0.5358  +0.1750  +0.1648  +0.3616  +0.9229 ]
  ────────────────────────────────────────────────────────────

  [RECV]  📦 hospital_1 — update #12   [12:00:50.726]
  Received 8 class prototypes:
  ────────────────────────────────────────────────────────────
      class 0 │ norm=10.3644  mean=+0.8550  std=0.9810  min=+0.0000  max=+3.4399
               weights[0:8] → [ +0.0000  +0.9955  +0.0000  +3.4399  +0.0000  +0.0000  +0.0000  +1.6613 ]
      class 1 │ norm=9.7588  mean=+0.7615  std=0.9605  min=+0.0000  max=+3.6608
               weights[0:8] → [ +0.0000  +1.2156  +0.0000  +3.6608  +0.0000  +0.0000  +0.0000  +1.3166 ]
      class 2 │ norm=9.9687  mean=+0.6586  std=1.0662  min=+0.0000  max=+4.4399
               weights[0:8] → [ +0.0000  +1.0974  +0.0000  +4.4399  +0.0000  +0.0000  +0.0000  +0.6936 ]
      class 3 │ norm=10.1396  mean=+0.8331  std=0.9627  min=+0.0000  max=+3.3412
               weights[0:8] → [ +0.0000  +0.9369  +0.0000  +3.3412  +0.0000  +0.0000  +0.0000  +1.6867 ]
      class 4 │ norm=9.8900  mean=+0.7354  std=1.0016  min=+0.0000  max=+4.0820
               weights[0:8] → [ +0.0000  +1.0520  +0.0000  +4.0820  +0.0000  +0.0000  +0.0000  +1.0456 ]
      class 5 │ norm=10.0041  mean=+0.8209  std=0.9508  min=+0.0000  max=+3.1420
               weights[0:8] → [ +0.0000  +0.8953  +0.0000  +3.1420  +0.0000  +0.0000  +0.0000  +1.7748 ]
      class 6 │ norm=9.5791  mean=+0.6969  std=0.9814  min=+0.0000  max=+3.9715
               weights[0:8] → [ +0.0000  +1.1017  +0.0000  +3.9715  +0.0000  +0.0000  +0.0000  +0.9892 ]
      class 7 │ norm=10.7377  mean=+0.5626  std=1.2282  min=+0.0000  max=+5.0099
               weights[0:8] → [ +0.0000  +1.2816  +0.0000  +5.0099  +0.0000  +0.0000  +0.0000  +0.1662 ]
  ────────────────────────────────────────────────────────────

  [GLOBAL]  Current global proto state   [12:00:50.740]
  ────────────────────────────────────────────────────────────
      class 0 │ norm=6.9112  mean=+0.7121  std=0.4929  min=+0.0000  max=+1.8818
               weights[0:8] → [ +0.4477  +0.6782  +0.5904  +1.8818  +0.7861  +0.6102  +0.2542  +1.1273 ]
      class 1 │ norm=6.3407  mean=+0.6373  std=0.4750  min=+0.0000  max=+1.9777
               weights[0:8] → [ +0.4745  +0.7306  +0.6583  +1.9777  +0.6125  +0.5175  +0.2126  +1.0235 ]
      class 2 │ norm=7.2144  mean=+0.5833  std=0.6932  min=+0.0000  max=+2.8371
               weights[0:8] → [ +0.2409  +0.8863  +0.4896  +2.8371  +0.2587  +0.1484  +0.1121  +0.7444 ]
      class 3 │ norm=6.8159  mean=+0.7030  std=0.4852  min=+0.0000  max=+1.8060
               weights[0:8] → [ +0.4325  +0.6598  +0.5544  +1.8060  +0.8317  +0.6346  +0.2466  +1.1262 ]
      class 4 │ norm=6.4334  mean=+0.6263  std=0.5084  min=+0.0000  max=+2.2694
               weights[0:8] → [ +0.4507  +0.6398  +0.6849  +2.2694  +0.5349  +0.4076  +0.2318  +0.8748 ]
      class 5 │ norm=7.4099  mean=+0.7123  std=0.5967  min=+0.0000  max=+1.9718
               weights[0:8] → [ +0.3232  +0.9718  +0.3484  +1.9718  +0.5772  +0.3413  +0.2671  +1.3322 ]
      class 6 │ norm=6.1507  mean=+0.5923  std=0.4941  min=+0.0000  max=+2.1864
               weights[0:8] → [ +0.4490  +0.6478  +0.6760  +2.1864  +0.4912  +0.3881  +0.2095  +0.8625 ]
      class 7 │ norm=6.5352  mean=+0.4927  std=0.6567  min=+0.0000  max=+2.8336
               weights[0:8] → [ +0.4763  +0.6382  +0.8571  +2.8336  +0.1029  +0.0900  +0.1892  +0.5515 ]
  ────────────────────────────────────────────────────────────

  [CLUSTER]  K-Means result   [12:00:50.801]
      hospital_1 → cluster 1
      hospital_2 → cluster 0
      hospital_3 → cluster 0

  [SEND]  📡 → hospital_1   source: cluster 1   [12:00:50.803]
  Sending 8 class prototypes:
  ────────────────────────────────────────────────────────────
      class 0 │ norm=10.3644  mean=+0.8550  std=0.9810  min=+0.0000  max=+3.4399
               weights[0:8] → [ +0.0000  +0.9955  +0.0000  +3.4399  +0.0000  +0.0000  +0.0000  +1.6613 ]
      class 1 │ norm=9.7588  mean=+0.7615  std=0.9605  min=+0.0000  max=+3.6608
               weights[0:8] → [ +0.0000  +1.2156  +0.0000  +3.6608  +0.0000  +0.0000  +0.0000  +1.3166 ]
      class 2 │ norm=9.9687  mean=+0.6586  std=1.0662  min=+0.0000  max=+4.4399
               weights[0:8] → [ +0.0000  +1.0974  +0.0000  +4.4399  +0.0000  +0.0000  +0.0000  +0.6936 ]
      class 3 │ norm=10.1396  mean=+0.8331  std=0.9627  min=+0.0000  max=+3.3412
               weights[0:8] → [ +0.0000  +0.9369  +0.0000  +3.3412  +0.0000  +0.0000  +0.0000  +1.6867 ]
      class 4 │ norm=9.8900  mean=+0.7354  std=1.0016  min=+0.0000  max=+4.0820
               weights[0:8] → [ +0.0000  +1.0520  +0.0000  +4.0820  +0.0000  +0.0000  +0.0000  +1.0456 ]
      class 5 │ norm=10.0041  mean=+0.8209  std=0.9508  min=+0.0000  max=+3.1420
               weights[0:8] → [ +0.0000  +0.8953  +0.0000  +3.1420  +0.0000  +0.0000  +0.0000  +1.7748 ]
      class 6 │ norm=9.5791  mean=+0.6969  std=0.9814  min=+0.0000  max=+3.9715
               weights[0:8] → [ +0.0000  +1.1017  +0.0000  +3.9715  +0.0000  +0.0000  +0.0000  +0.9892 ]
      class 7 │ norm=10.7377  mean=+0.5626  std=1.2282  min=+0.0000  max=+5.0099
               weights[0:8] → [ +0.0000  +1.2816  +0.0000  +5.0099  +0.0000  +0.0000  +0.0000  +0.1662 ]
  ────────────────────────────────────────────────────────────

  [RECV]  📦 hospital_2 — update #13   [12:00:52.780]
  Received 6 class prototypes:
  ────────────────────────────────────────────────────────────
      class 0 │ norm=6.5590  mean=+0.6067  std=0.5558  min=+0.0000  max=+1.9145
               weights[0:8] → [ +0.8582  +0.0000  +1.2038  +0.3346  +1.6381  +1.3037  +0.4276  +0.7497 ]
      class 1 │ norm=5.9811  mean=+0.5429  std=0.5181  min=+0.0000  max=+1.9769
               weights[0:8] → [ +1.0570  +0.0000  +1.4048  +0.3067  +1.0925  +1.0493  +0.4095  +0.9672 ]
      class 3 │ norm=6.5069  mean=+0.5976  std=0.5561  min=+0.0000  max=+1.9763
               weights[0:8] → [ +0.8014  +0.0000  +1.1140  +0.2956  +1.6797  +1.3126  +0.3944  +0.7074 ]
      class 4 │ norm=5.8044  mean=+0.5303  std=0.4991  min=+0.0000  max=+1.9407
               weights[0:8] → [ +0.8969  +0.0000  +1.3732  +0.4706  +1.1142  +0.8579  +0.5394  +0.7309 ]
      class 6 │ norm=5.4974  mean=+0.4911  std=0.4844  min=+0.0000  max=+1.9636
               weights[0:8] → [ +0.9323  +0.0000  +1.3618  +0.4367  +0.8972  +0.7383  +0.5033  +0.7975 ]
      class 7 │ norm=5.7212  mean=+0.3987  std=0.5984  min=+0.0000  max=+2.3445
               weights[0:8] → [ +1.0891  +0.0000  +1.7268  +0.6846  +0.1082  +0.1129  +0.6926  +0.8653 ]
  ────────────────────────────────────────────────────────────

  [GLOBAL]  Current global proto state   [12:00:52.806]
  ────────────────────────────────────────────────────────────
      class 0 │ norm=6.4478  mean=+0.6805  std=0.4353  min=+0.0000  max=+1.7078
               weights[0:8] → [ +0.5709  +0.4747  +0.7744  +1.4177  +1.0417  +0.8183  +0.3062  +1.0140 ]
      class 1 │ norm=5.8598  mean=+0.6089  std=0.4103  min=+0.0000  max=+1.6023
               weights[0:8] → [ +0.6493  +0.5114  +0.8823  +1.4764  +0.7565  +0.6770  +0.2716  +1.0066 ]
      class 2 │ norm=7.2144  mean=+0.5833  std=0.6932  min=+0.0000  max=+2.8371
               weights[0:8] → [ +0.2409  +0.8863  +0.4896  +2.8371  +0.2587  +0.1484  +0.1121  +0.7444 ]
      class 3 │ norm=6.3753  mean=+0.6714  std=0.4327  min=+0.0000  max=+1.6438
               weights[0:8] → [ +0.5432  +0.4618  +0.7223  +1.3529  +1.0861  +0.8380  +0.2909  +1.0005 ]
      class 4 │ norm=5.8697  mean=+0.5975  std=0.4291  min=+0.0000  max=+1.7297
               weights[0:8] → [ +0.5846  +0.4479  +0.8914  +1.7297  +0.7087  +0.5427  +0.3241  +0.8316 ]
      class 5 │ norm=7.4099  mean=+0.7123  std=0.5967  min=+0.0000  max=+1.9718
               weights[0:8] → [ +0.3232  +0.9718  +0.3484  +1.9718  +0.5772  +0.3413  +0.2671  +1.3322 ]
      class 6 │ norm=5.5859  mean=+0.5619  std=0.4177  min=+0.0000  max=+1.6615
               weights[0:8] → [ +0.5940  +0.4534  +0.8817  +1.6615  +0.6130  +0.4931  +0.2976  +0.8430 ]
      class 7 │ norm=5.7740  mean=+0.4645  std=0.5568  min=+0.0000  max=+2.1889
               weights[0:8] → [ +0.6602  +0.4467  +1.1180  +2.1889  +0.1045  +0.0969  +0.3402  +0.6456 ]
  ────────────────────────────────────────────────────────────

  [CLUSTER]  K-Means result   [12:00:52.897]
      hospital_1 → cluster 1
      hospital_2 → cluster 0
      hospital_3 → cluster 0

  [SEND]  📡 → hospital_2   source: cluster 0   [12:00:52.903]
  Sending 8 class prototypes:
  ────────────────────────────────────────────────────────────
      class 0 │ norm=6.1874  mean=+0.5757  std=0.5206  min=+0.0000  max=+1.8599
               weights[0:8] → [ +0.9877  +0.4404  +1.1835  +0.1673  +1.5237  +1.1721  +0.5159  +0.7423 ]
      class 1 │ norm=5.5593  mean=+0.5102  std=0.4755  min=+0.0000  max=+1.7419
               weights[0:8] → [ +1.0567  +0.3563  +1.3552  +0.1534  +1.1519  +1.0362  +0.4120  +0.8975 ]
      class 2 │ norm=5.2466  mean=+0.4285  std=0.5004  min=+0.0000  max=+1.9951
               weights[0:8] → [ +0.9001  +0.3614  +1.4337  +0.0000  +0.6817  +0.5027  +0.2455  +0.8743 ]
      class 3 │ norm=6.1491  mean=+0.5679  std=0.5221  min=+0.0000  max=+1.9236
               weights[0:8] → [ +0.9605  +0.4456  +1.1112  +0.1478  +1.5877  +1.1999  +0.4959  +0.7146 ]
      class 4 │ norm=5.5434  mean=+0.5029  std=0.4804  min=+0.0000  max=+1.8830
               weights[0:8] → [ +0.9391  +0.2779  +1.3550  +0.2353  +1.0262  +0.7692  +0.4633  +0.7750 ]
      class 5 │ norm=6.0909  mean=+0.5351  std=0.5458  min=+0.0000  max=+2.0156
               weights[0:8] → [ +1.1418  +0.9424  +1.0275  +0.0000  +1.6319  +1.1833  +0.6130  +0.7007 ]
      class 6 │ norm=5.2339  mean=+0.4668  std=0.4620  min=+0.0000  max=+1.8415
               weights[0:8] → [ +0.9477  +0.2499  +1.3486  +0.2184  +0.9187  +0.7430  +0.4092  +0.8196 ]
      class 7 │ norm=5.5070  mean=+0.3817  std=0.5774  min=+0.0000  max=+2.3585
               weights[0:8] → [ +0.9303  +0.0357  +1.6930  +0.3423  +0.1639  +0.1679  +0.3631  +0.9294 ]
  ────────────────────────────────────────────────────────────

  [RECV]  📦 hospital_3 — update #14   [12:00:56.296]
  Received 8 class prototypes:
  ────────────────────────────────────────────────────────────
      class 0 │ norm=6.4708  mean=+0.5799  std=0.5683  min=+0.0000  max=+1.9554
               weights[0:8] → [ +0.9760  +0.6952  +1.2041  +0.0000  +1.4412  +1.0809  +0.6372  +0.7410 ]
      class 1 │ norm=5.8563  mean=+0.5246  std=0.5146  min=+0.0000  max=+1.6694
               weights[0:8] → [ +0.9527  +0.6864  +1.4014  +0.0000  +1.3081  +1.1851  +0.4584  +0.8744 ]
      class 2 │ norm=5.5973  mean=+0.4472  std=0.5424  min=+0.0000  max=+2.1917
               weights[0:8] → [ +0.7640  +0.2532  +1.4607  +0.0000  +0.6704  +0.4842  +0.2487  +0.8475 ]
      class 3 │ norm=6.3908  mean=+0.5695  std=0.5646  min=+0.0000  max=+1.9995
               weights[0:8] → [ +0.9629  +0.6933  +1.1440  +0.0000  +1.5226  +1.1122  +0.6263  +0.7354 ]
      class 4 │ norm=5.7926  mean=+0.4993  std=0.5285  min=+0.0000  max=+2.0072
               weights[0:8] → [ +0.8419  +0.4117  +1.3633  +0.0000  +0.9342  +0.6746  +0.4006  +0.7972 ]
      class 5 │ norm=6.4046  mean=+0.5652  std=0.5714  min=+0.0000  max=+2.0990
               weights[0:8] → [ +0.9760  +0.7413  +1.0604  +0.0000  +1.6604  +1.2113  +0.6438  +0.7292 ]
      class 6 │ norm=5.4810  mean=+0.4704  std=0.5020  min=+0.0000  max=+1.9093
               weights[0:8] → [ +0.8356  +0.4014  +1.3870  +0.0000  +0.9689  +0.7933  +0.3252  +0.8516 ]
      class 7 │ norm=6.0688  mean=+0.3829  std=0.6600  min=+0.0000  max=+2.5956
               weights[0:8] → [ +0.6662  +0.0647  +1.7032  +0.0000  +0.2169  +0.2416  +0.0346  +0.9638 ]
  ────────────────────────────────────────────────────────────

  [GLOBAL]  Current global proto state   [12:00:56.313]
  ────────────────────────────────────────────────────────────
      class 0 │ norm=6.2106  mean=+0.6503  std=0.4273  min=+0.0000  max=+1.6466
               weights[0:8] → [ +0.6924  +0.5408  +0.9033  +0.9924  +1.1615  +0.8971  +0.4055  +0.9321 ]
      class 1 │ norm=5.6234  mean=+0.5836  std=0.3949  min=+0.0000  max=+1.5922
               weights[0:8] → [ +0.7403  +0.5639  +1.0380  +1.0335  +0.9220  +0.8294  +0.3277  +0.9670 ]
      class 2 │ norm=6.0815  mean=+0.5425  std=0.5367  min=+0.0000  max=+2.0421
               weights[0:8] → [ +0.3978  +0.6964  +0.7809  +1.9860  +0.3822  +0.2491  +0.1531  +0.7753 ]
      class 3 │ norm=6.1385  mean=+0.6408  std=0.4254  min=+0.0000  max=+1.6893
               weights[0:8] → [ +0.6691  +0.5313  +0.8488  +0.9470  +1.2170  +0.9203  +0.3915  +0.9210 ]
      class 4 │ norm=5.6048  mean=+0.5681  std=0.4133  min=+0.0000  max=+1.6743
               weights[0:8] → [ +0.6618  +0.4370  +1.0329  +1.2108  +0.7763  +0.5823  +0.3471  +0.8213 ]
      class 5 │ norm=6.5199  mean=+0.6682  std=0.4703  min=+0.0000  max=+1.4507
               weights[0:8] → [ +0.5190  +0.9026  +0.5620  +1.3802  +0.9021  +0.6023  +0.3801  +1.1513 ]
      class 6 │ norm=5.3197  mean=+0.5345  std=0.3987  min=+0.0000  max=+1.5684
               weights[0:8] → [ +0.6665  +0.4378  +1.0333  +1.1631  +0.7198  +0.5832  +0.3059  +0.8456 ]
      class 7 │ norm=5.4963  mean=+0.4400  std=0.5318  min=+0.0000  max=+1.9040
               weights[0:8] → [ +0.6620  +0.3321  +1.2936  +1.5322  +0.1382  +0.1403  +0.2485  +0.7411 ]
  ────────────────────────────────────────────────────────────

  [CLUSTER]  K-Means result   [12:00:56.404]
      hospital_1 → cluster 1
      hospital_2 → cluster 0
      hospital_3 → cluster 0

  [SEND]  📡 → hospital_3   source: cluster 0   [12:00:56.406]
  Sending 8 class prototypes:
  ────────────────────────────────────────────────────────────
      class 0 │ norm=6.4213  mean=+0.5933  std=0.5449  min=+0.0000  max=+1.9349
               weights[0:8] → [ +0.9171  +0.3476  +1.2040  +0.1673  +1.5397  +1.1923  +0.5324  +0.7454 ]
      class 1 │ norm=5.8326  mean=+0.5337  std=0.5006  min=+0.0000  max=+1.8232
               weights[0:8] → [ +1.0049  +0.3432  +1.4031  +0.1534  +1.2003  +1.1172  +0.4339  +0.9208 ]
      class 2 │ norm=5.5973  mean=+0.4472  std=0.5424  min=+0.0000  max=+2.1917
               weights[0:8] → [ +0.7640  +0.2532  +1.4607  +0.0000  +0.6704  +0.4842  +0.2487  +0.8475 ]
      class 3 │ norm=6.3609  mean=+0.5836  std=0.5443  min=+0.0000  max=+1.9879
               weights[0:8] → [ +0.8822  +0.3466  +1.1290  +0.1478  +1.6011  +1.2124  +0.5103  +0.7214 ]
      class 4 │ norm=5.7391  mean=+0.5148  std=0.5035  min=+0.0000  max=+1.9739
               weights[0:8] → [ +0.8694  +0.2058  +1.3682  +0.2353  +1.0242  +0.7662  +0.4700  +0.7641 ]
      class 5 │ norm=6.4046  mean=+0.5652  std=0.5714  min=+0.0000  max=+2.0990
               weights[0:8] → [ +0.9760  +0.7413  +1.0604  +0.0000  +1.6604  +1.2113  +0.6438  +0.7292 ]
      class 6 │ norm=5.4426  mean=+0.4808  std=0.4851  min=+0.0000  max=+1.9364
               weights[0:8] → [ +0.8839  +0.2007  +1.3744  +0.2184  +0.9330  +0.7658  +0.4143  +0.8246 ]
      class 7 │ norm=5.7409  mean=+0.3908  std=0.6066  min=+0.0000  max=+2.4700
               weights[0:8] → [ +0.8777  +0.0324  +1.7150  +0.3423  +0.1626  +0.1772  +0.3636  +0.9146 ]
  ────────────────────────────────────────────────────────────

  [RECV]  📦 hospital_2 — update #15   [12:01:12.335]
  Received 6 class prototypes:
  ────────────────────────────────────────────────────────────
      class 0 │ norm=6.4139  mean=+0.5826  std=0.5552  min=+0.0000  max=+1.8421
               weights[0:8] → [ +0.8393  +0.0000  +1.1533  +0.2090  +1.6855  +1.2938  +0.4238  +0.6798 ]
      class 1 │ norm=5.7858  mean=+0.5248  std=0.5016  min=+0.0000  max=+1.8364
               weights[0:8] → [ +1.0794  +0.0000  +1.3712  +0.1833  +1.0826  +1.0824  +0.4027  +0.9518 ]
      class 3 │ norm=6.3232  mean=+0.5693  std=0.5527  min=+0.0000  max=+1.8748
               weights[0:8] → [ +0.7720  +0.0000  +1.0507  +0.1817  +1.7068  +1.2836  +0.3902  +0.6332 ]
      class 4 │ norm=5.5705  mean=+0.5003  std=0.4881  min=+0.0000  max=+1.7710
               weights[0:8] → [ +0.8755  +0.0000  +1.3347  +0.2973  +1.1495  +0.8439  +0.5405  +0.6414 ]
      class 6 │ norm=5.2231  mean=+0.4592  std=0.4677  min=+0.0000  max=+1.7993
               weights[0:8] → [ +0.9143  +0.0000  +1.3102  +0.2819  +0.9005  +0.7284  +0.5062  +0.7238 ]
      class 7 │ norm=5.3538  mean=+0.3603  std=0.5684  min=+0.0000  max=+2.1614
               weights[0:8] → [ +1.0814  +0.0000  +1.7103  +0.4433  +0.0983  +0.1134  +0.7038  +0.7734 ]
  ────────────────────────────────────────────────────────────

  [GLOBAL]  Current global proto state   [12:01:12.354]
  ────────────────────────────────────────────────────────────
      class 0 │ norm=6.1598  mean=+0.6300  std=0.4462  min=+0.0000  max=+1.7052
               weights[0:8] → [ +0.7365  +0.3786  +0.9783  +0.7574  +1.3187  +1.0161  +0.4110  +0.8564 ]
      class 1 │ norm=5.5608  mean=+0.5660  std=0.4067  min=+0.0000  max=+1.6392
               weights[0:8] → [ +0.8420  +0.3947  +1.1380  +0.7784  +0.9702  +0.9053  +0.3502  +0.9624 ]
      class 2 │ norm=6.0815  mean=+0.5425  std=0.5367  min=+0.0000  max=+2.0421
               weights[0:8] → [ +0.3978  +0.6964  +0.7809  +1.9860  +0.3822  +0.2491  +0.1531  +0.7753 ]
      class 3 │ norm=6.0893  mean=+0.6193  std=0.4460  min=+0.0000  max=+1.7449
               weights[0:8] → [ +0.7000  +0.3719  +0.9094  +0.7174  +1.3640  +1.0293  +0.3912  +0.8347 ]
      class 4 │ norm=5.4762  mean=+0.5477  std=0.4138  min=+0.0000  max=+1.7033
               weights[0:8] → [ +0.7259  +0.3059  +1.1235  +0.9368  +0.8883  +0.6608  +0.4051  +0.7673 ]
      class 5 │ norm=6.5199  mean=+0.6682  std=0.4703  min=+0.0000  max=+1.4507
               weights[0:8] → [ +0.5190  +0.9026  +0.5620  +1.3802  +0.9021  +0.6023  +0.3801  +1.1513 ]
      class 6 │ norm=5.1823  mean=+0.5119  std=0.4001  min=+0.0000  max=+1.6377
               weights[0:8] → [ +0.7408  +0.3065  +1.1164  +0.8987  +0.7740  +0.6267  +0.3660  +0.8091 ]
      class 7 │ norm=5.2856  mean=+0.4161  std=0.5172  min=+0.0000  max=+1.9812
               weights[0:8] → [ +0.7878  +0.2325  +1.4186  +1.2055  +0.1263  +0.1322  +0.3851  +0.7508 ]
  ────────────────────────────────────────────────────────────

  [CLUSTER]  K-Means result   [12:01:12.433]
      hospital_1 → cluster 1
      hospital_2 → cluster 0
      hospital_3 → cluster 0

  [SEND]  📡 → hospital_2   source: cluster 0   [12:01:12.439]
  Sending 8 class prototypes:
  ────────────────────────────────────────────────────────────
      class 0 │ norm=6.3605  mean=+0.5812  std=0.5468  min=+0.0000  max=+1.8988
               weights[0:8] → [ +0.9076  +0.3476  +1.1787  +0.1045  +1.5634  +1.1874  +0.5305  +0.7104 ]
      class 1 │ norm=5.7484  mean=+0.5247  std=0.4948  min=+0.0000  max=+1.7529
               weights[0:8] → [ +1.0161  +0.3432  +1.3863  +0.0917  +1.1953  +1.1338  +0.4305  +0.9131 ]
      class 2 │ norm=5.5973  mean=+0.4472  std=0.5424  min=+0.0000  max=+2.1917
               weights[0:8] → [ +0.7640  +0.2532  +1.4607  +0.0000  +0.6704  +0.4842  +0.2487  +0.8475 ]
      class 3 │ norm=6.2832  mean=+0.5694  std=0.5452  min=+0.0000  max=+1.9372
               weights[0:8] → [ +0.8675  +0.3466  +1.0974  +0.0909  +1.6147  +1.1979  +0.5083  +0.6843 ]
      class 4 │ norm=5.6222  mean=+0.4998  std=0.4979  min=+0.0000  max=+1.8891
               weights[0:8] → [ +0.8587  +0.2058  +1.3490  +0.1487  +1.0419  +0.7593  +0.4706  +0.7193 ]
      class 5 │ norm=6.4046  mean=+0.5652  std=0.5714  min=+0.0000  max=+2.0990
               weights[0:8] → [ +0.9760  +0.7413  +1.0604  +0.0000  +1.6604  +1.2113  +0.6438  +0.7292 ]
      class 6 │ norm=5.3142  mean=+0.4648  std=0.4783  min=+0.0000  max=+1.8543
               weights[0:8] → [ +0.8750  +0.2007  +1.3486  +0.1410  +0.9347  +0.7608  +0.4157  +0.7877 ]
      class 7 │ norm=5.5789  mean=+0.3716  std=0.5947  min=+0.0000  max=+2.3785
               weights[0:8] → [ +0.8738  +0.0324  +1.7067  +0.2216  +0.1576  +0.1775  +0.3692  +0.8686 ]
  ────────────────────────────────────────────────────────────
  [CKPT]  💾 Checkpoint saved → global_models/async_checkpoint_15.pt   update #15

  [RECV]  📦 hospital_1 — update #16   [12:01:14.564]
  Received 8 class prototypes:
  ────────────────────────────────────────────────────────────
      class 0 │ norm=10.2716  mean=+0.8602  std=0.9608  min=+0.0000  max=+3.2594
               weights[0:8] → [ +0.0000  +1.0013  +0.0000  +3.2594  +0.0000  +0.0000  +0.0000  +1.7055 ]
      class 1 │ norm=9.6623  mean=+0.7687  std=0.9390  min=+0.0000  max=+3.4726
               weights[0:8] → [ +0.0000  +1.2862  +0.0001  +3.4726  +0.0000  +0.0000  +0.0000  +1.4031 ]
      class 2 │ norm=9.5324  mean=+0.6413  std=1.0122  min=+0.0000  max=+4.1950
               weights[0:8] → [ +0.0000  +1.0824  +0.0001  +4.1950  +0.0000  +0.0000  +0.0000  +0.7197 ]
      class 3 │ norm=9.9891  mean=+0.8317  std=0.9387  min=+0.0000  max=+3.1693
               weights[0:8] → [ +0.0000  +0.9216  +0.0000  +3.1693  +0.0000  +0.0000  +0.0000  +1.7403 ]
      class 4 │ norm=9.5682  mean=+0.7268  std=0.9574  min=+0.0000  max=+3.8585
               weights[0:8] → [ +0.0000  +1.0425  +0.0001  +3.8585  +0.0000  +0.0000  +0.0000  +1.0726 ]
      class 5 │ norm=9.8413  mean=+0.8155  std=0.9283  min=+0.0000  max=+2.9855
               weights[0:8] → [ +0.0000  +0.8667  +0.0000  +2.9855  +0.0000  +0.0000  +0.0000  +1.8432 ]
      class 6 │ norm=9.2766  mean=+0.6880  std=0.9408  min=+0.0000  max=+3.7652
               weights[0:8] → [ +0.0000  +1.1032  +0.0000  +3.7652  +0.0000  +0.0000  +0.0000  +1.0447 ]
      class 7 │ norm=10.1997  mean=+0.5389  std=1.1646  min=+0.0000  max=+4.7321
               weights[0:8] → [ +0.0000  +1.2900  +0.0001  +4.7321  +0.0000  +0.0000  +0.0000  +0.1904 ]
  ────────────────────────────────────────────────────────────

  [GLOBAL]  Current global proto state   [12:01:14.584]
  ────────────────────────────────────────────────────────────
      class 0 │ norm=6.6846  mean=+0.6990  std=0.4614  min=+0.0000  max=+1.6301
               weights[0:8] → [ +0.5155  +0.5654  +0.6848  +1.5080  +0.9231  +0.7113  +0.2877  +1.1112 ]
      class 1 │ norm=6.0865  mean=+0.6268  std=0.4346  min=+0.0000  max=+1.5867
               weights[0:8] → [ +0.5894  +0.6622  +0.7966  +1.5867  +0.6791  +0.6337  +0.2451  +1.0946 ]
      class 2 │ norm=6.8992  mean=+0.5721  std=0.6504  min=+0.0000  max=+2.6487
               weights[0:8] → [ +0.2785  +0.8122  +0.5467  +2.6487  +0.2675  +0.1744  +0.1072  +0.7586 ]
      class 3 │ norm=6.5475  mean=+0.6830  std=0.4544  min=+0.0000  max=+1.5358
               weights[0:8] → [ +0.4900  +0.5368  +0.6366  +1.4530  +0.9548  +0.7205  +0.2738  +1.1064 ]
      class 4 │ norm=6.0100  mean=+0.6015  std=0.4537  min=+0.0000  max=+1.8133
               weights[0:8] → [ +0.5081  +0.5269  +0.7864  +1.8133  +0.6218  +0.4625  +0.2836  +0.8589 ]
      class 5 │ norm=7.2720  mean=+0.7124  std=0.5691  min=+0.0000  max=+1.8618
               weights[0:8] → [ +0.3633  +0.8918  +0.3934  +1.8618  +0.6315  +0.4216  +0.2661  +1.3589 ]
      class 6 │ norm=5.7256  mean=+0.5647  std=0.4432  min=+0.0000  max=+1.7587
               weights[0:8] → [ +0.5186  +0.5455  +0.7815  +1.7587  +0.5418  +0.4387  +0.2562  +0.8798 ]
      class 7 │ norm=5.8656  mean=+0.4530  std=0.5811  min=+0.0000  max=+2.2635
               weights[0:8] → [ +0.5515  +0.5497  +0.9930  +2.2635  +0.0884  +0.0926  +0.2696  +0.5827 ]
  ────────────────────────────────────────────────────────────

  [CLUSTER]  K-Means result   [12:01:14.697]
      hospital_1 → cluster 1
      hospital_2 → cluster 0
      hospital_3 → cluster 0

  [SEND]  📡 → hospital_1   source: cluster 1   [12:01:14.702]
  Sending 8 class prototypes:
  ────────────────────────────────────────────────────────────
      class 0 │ norm=10.2716  mean=+0.8602  std=0.9608  min=+0.0000  max=+3.2594
               weights[0:8] → [ +0.0000  +1.0013  +0.0000  +3.2594  +0.0000  +0.0000  +0.0000  +1.7055 ]
      class 1 │ norm=9.6623  mean=+0.7687  std=0.9390  min=+0.0000  max=+3.4726
               weights[0:8] → [ +0.0000  +1.2862  +0.0001  +3.4726  +0.0000  +0.0000  +0.0000  +1.4031 ]
      class 2 │ norm=9.5324  mean=+0.6413  std=1.0122  min=+0.0000  max=+4.1950
               weights[0:8] → [ +0.0000  +1.0824  +0.0001  +4.1950  +0.0000  +0.0000  +0.0000  +0.7197 ]
      class 3 │ norm=9.9891  mean=+0.8317  std=0.9387  min=+0.0000  max=+3.1693
               weights[0:8] → [ +0.0000  +0.9216  +0.0000  +3.1693  +0.0000  +0.0000  +0.0000  +1.7403 ]
      class 4 │ norm=9.5682  mean=+0.7268  std=0.9574  min=+0.0000  max=+3.8585
               weights[0:8] → [ +0.0000  +1.0425  +0.0001  +3.8585  +0.0000  +0.0000  +0.0000  +1.0726 ]
      class 5 │ norm=9.8413  mean=+0.8155  std=0.9283  min=+0.0000  max=+2.9855
               weights[0:8] → [ +0.0000  +0.8667  +0.0000  +2.9855  +0.0000  +0.0000  +0.0000  +1.8432 ]
      class 6 │ norm=9.2766  mean=+0.6880  std=0.9408  min=+0.0000  max=+3.7652
               weights[0:8] → [ +0.0000  +1.1032  +0.0000  +3.7652  +0.0000  +0.0000  +0.0000  +1.0447 ]
      class 7 │ norm=10.1997  mean=+0.5389  std=1.1646  min=+0.0000  max=+4.7321
               weights[0:8] → [ +0.0000  +1.2900  +0.0001  +4.7321  +0.0000  +0.0000  +0.0000  +0.1904 ]
  ────────────────────────────────────────────────────────────

  [RECV]  📦 hospital_3 — update #17   [12:01:20.440]
  Received 8 class prototypes:
  ────────────────────────────────────────────────────────────
      class 0 │ norm=6.5367  mean=+0.5762  std=0.5839  min=+0.0000  max=+2.0544
               weights[0:8] → [ +0.9757  +0.4698  +1.1651  +0.0000  +1.4845  +1.0692  +0.6619  +0.7355 ]
      class 1 │ norm=5.9529  mean=+0.5321  std=0.5243  min=+0.0000  max=+1.6582
               weights[0:8] → [ +0.9961  +0.6043  +1.3955  +0.0000  +1.4157  +1.2827  +0.5023  +0.9017 ]
      class 2 │ norm=5.3900  mean=+0.4250  std=0.5269  min=+0.0000  max=+2.1575
               weights[0:8] → [ +0.7801  +0.1247  +1.4109  +0.0000  +0.6719  +0.4317  +0.2444  +0.8039 ]
      class 3 │ norm=6.4408  mean=+0.5637  std=0.5794  min=+0.0000  max=+2.0806
               weights[0:8] → [ +0.9473  +0.4472  +1.0992  +0.0000  +1.5642  +1.0840  +0.6458  +0.7405 ]
      class 4 │ norm=5.6747  mean=+0.4832  std=0.5234  min=+0.0000  max=+1.9761
               weights[0:8] → [ +0.8520  +0.2456  +1.3152  +0.0000  +0.9439  +0.6325  +0.4066  +0.7603 ]
      class 5 │ norm=6.4613  mean=+0.5605  std=0.5861  min=+0.0000  max=+2.1690
               weights[0:8] → [ +0.9501  +0.4893  +1.0060  +0.0000  +1.7105  +1.1814  +0.6676  +0.7524 ]
      class 6 │ norm=5.3726  mean=+0.4563  std=0.4966  min=+0.0000  max=+1.9030
               weights[0:8] → [ +0.8544  +0.2577  +1.3462  +0.0000  +1.0095  +0.7760  +0.3264  +0.8415 ]
      class 7 │ norm=5.7759  mean=+0.3562  std=0.6330  min=+0.0000  max=+2.5425
               weights[0:8] → [ +0.7202  +0.0466  +1.6595  +0.0000  +0.2286  +0.2261  +0.0351  +0.9102 ]
  ────────────────────────────────────────────────────────────

  [GLOBAL]  Current global proto state   [12:01:20.450]
  ────────────────────────────────────────────────────────────
      class 0 │ norm=6.3237  mean=+0.6622  std=0.4351  min=+0.0000  max=+1.6001
               weights[0:8] → [ +0.6536  +0.5367  +0.8289  +1.0556  +1.0915  +0.8186  +0.4000  +0.9985 ]
      class 1 │ norm=5.7357  mean=+0.5984  std=0.3980  min=+0.0000  max=+1.4986
               weights[0:8] → [ +0.7114  +0.6448  +0.9763  +1.1107  +0.9001  +0.8284  +0.3223  +1.0367 ]
      class 2 │ norm=5.8445  mean=+0.5280  std=0.5089  min=+0.0000  max=+1.8541
               weights[0:8] → [ +0.4290  +0.6059  +0.8059  +1.8541  +0.3889  +0.2516  +0.1483  +0.7722 ]
      class 3 │ norm=6.2011  mean=+0.6472  std=0.4299  min=+0.0000  max=+1.6153
               weights[0:8] → [ +0.6272  +0.5099  +0.7754  +1.0171  +1.1376  +0.8295  +0.3854  +0.9966 ]
      class 4 │ norm=5.5951  mean=+0.5660  std=0.4141  min=+0.0000  max=+1.6331
               weights[0:8] → [ +0.6113  +0.4425  +0.9451  +1.2693  +0.7184  +0.5135  +0.3205  +0.8293 ]
      class 5 │ norm=6.4678  mean=+0.6668  std=0.4608  min=+0.0000  max=+1.4891
               weights[0:8] → [ +0.5393  +0.7711  +0.5772  +1.3033  +0.9552  +0.6495  +0.3865  +1.1769 ]
      class 6 │ norm=5.3106  mean=+0.5322  std=0.3999  min=+0.0000  max=+1.4814
               weights[0:8] → [ +0.6193  +0.4592  +0.9509  +1.2311  +0.6821  +0.5399  +0.2773  +0.8683 ]
      class 7 │ norm=5.3954  mean=+0.4239  std=0.5287  min=+0.0000  max=+1.7364
               weights[0:8] → [ +0.6021  +0.3988  +1.1930  +1.5844  +0.1304  +0.1326  +0.1992  +0.6809 ]
  ────────────────────────────────────────────────────────────

  [CLUSTER]  K-Means result   [12:01:20.532]
      hospital_1 → cluster 1
      hospital_2 → cluster 0
      hospital_3 → cluster 0

  [SEND]  📡 → hospital_3   source: cluster 0   [12:01:20.536]
  Sending 8 class prototypes:
  ────────────────────────────────────────────────────────────
      class 0 │ norm=6.4065  mean=+0.5794  std=0.5572  min=+0.0000  max=+1.9483
               weights[0:8] → [ +0.9075  +0.2349  +1.1592  +0.1045  +1.5850  +1.1815  +0.5429  +0.7076 ]
      class 1 │ norm=5.8066  mean=+0.5285  std=0.5015  min=+0.0000  max=+1.7473
               weights[0:8] → [ +1.0377  +0.3022  +1.3833  +0.0917  +1.2492  +1.1825  +0.4525  +0.9267 ]
      class 2 │ norm=5.3900  mean=+0.4250  std=0.5269  min=+0.0000  max=+2.1575
               weights[0:8] → [ +0.7801  +0.1247  +1.4109  +0.0000  +0.6719  +0.4317  +0.2444  +0.8039 ]
      class 3 │ norm=6.3195  mean=+0.5665  std=0.5549  min=+0.0000  max=+1.9777
               weights[0:8] → [ +0.8596  +0.2236  +1.0750  +0.0909  +1.6355  +1.1838  +0.5180  +0.6869 ]
      class 4 │ norm=5.5742  mean=+0.4917  std=0.4976  min=+0.0000  max=+1.8736
               weights[0:8] → [ +0.8637  +0.1228  +1.3250  +0.1487  +1.0467  +0.7382  +0.4736  +0.7008 ]
      class 5 │ norm=6.4613  mean=+0.5605  std=0.5861  min=+0.0000  max=+2.1690
               weights[0:8] → [ +0.9501  +0.4893  +1.0060  +0.0000  +1.7105  +1.1814  +0.6676  +0.7524 ]
      class 6 │ norm=5.2715  mean=+0.4578  std=0.4777  min=+0.0000  max=+1.8511
               weights[0:8] → [ +0.8844  +0.1288  +1.3282  +0.1410  +0.9550  +0.7522  +0.4163  +0.7826 ]
      class 7 │ norm=5.4543  mean=+0.3582  std=0.5847  min=+0.0000  max=+2.3520
               weights[0:8] → [ +0.9008  +0.0233  +1.6849  +0.2216  +0.1635  +0.1697  +0.3694  +0.8418 ]
  ────────────────────────────────────────────────────────────

  [RECV]  📦 hospital_2 — update #18   [12:01:32.030]
  Received 6 class prototypes:
  ────────────────────────────────────────────────────────────
      class 0 │ norm=6.4782  mean=+0.5816  std=0.5679  min=+0.0000  max=+1.8731
               weights[0:8] → [ +0.7987  +0.0000  +1.1885  +0.1226  +1.6629  +1.2933  +0.4016  +0.7552 ]
      class 1 │ norm=5.9758  mean=+0.5342  std=0.5262  min=+0.0000  max=+1.9118
               weights[0:8] → [ +1.0702  +0.0000  +1.4287  +0.1002  +1.0291  +1.1260  +0.3794  +1.0748 ]
      class 3 │ norm=6.3582  mean=+0.5666  std=0.5618  min=+0.0000  max=+1.8961
               weights[0:8] → [ +0.7348  +0.0000  +1.0810  +0.1036  +1.6587  +1.2695  +0.3672  +0.7183 ]
      class 4 │ norm=5.6233  mean=+0.4955  std=0.5025  min=+0.0000  max=+1.8241
               weights[0:8] → [ +0.8152  +0.0000  +1.3800  +0.1743  +1.1384  +0.8361  +0.5201  +0.6718 ]
      class 6 │ norm=5.3129  mean=+0.4566  std=0.4861  min=+0.0000  max=+1.8627
               weights[0:8] → [ +0.8645  +0.0000  +1.3497  +0.1706  +0.8657  +0.7274  +0.4841  +0.7856 ]
      class 7 │ norm=5.4196  mean=+0.3538  std=0.5823  min=+0.0000  max=+2.2247
               weights[0:8] → [ +1.0103  +0.0000  +1.7782  +0.2676  +0.0844  +0.1168  +0.6879  +0.7856 ]
  ────────────────────────────────────────────────────────────

  [GLOBAL]  Current global proto state   [12:01:32.038]
  ────────────────────────────────────────────────────────────
      class 0 │ norm=6.2195  mean=+0.6380  std=0.4477  min=+0.0000  max=+1.6820
               weights[0:8] → [ +0.6971  +0.3757  +0.9368  +0.7757  +1.2629  +0.9610  +0.4004  +0.9255 ]
      class 1 │ norm=5.6421  mean=+0.5791  std=0.4057  min=+0.0000  max=+1.6120
               weights[0:8] → [ +0.8191  +0.4514  +1.1120  +0.8075  +0.9388  +0.9177  +0.3394  +1.0481 ]
      class 2 │ norm=5.8445  mean=+0.5280  std=0.5089  min=+0.0000  max=+1.8541
               weights[0:8] → [ +0.4290  +0.6059  +0.8059  +1.8541  +0.3889  +0.2516  +0.1483  +0.7722 ]
      class 3 │ norm=6.1080  mean=+0.6230  std=0.4448  min=+0.0000  max=+1.6995
               weights[0:8] → [ +0.6594  +0.3569  +0.8671  +0.7431  +1.2939  +0.9615  +0.3799  +0.9131 ]
      class 4 │ norm=5.4435  mean=+0.5448  std=0.4108  min=+0.0000  max=+1.6904
               weights[0:8] → [ +0.6724  +0.3097  +1.0756  +0.9408  +0.8444  +0.6103  +0.3804  +0.7821 ]
      class 5 │ norm=6.4678  mean=+0.6668  std=0.4608  min=+0.0000  max=+1.4891
               weights[0:8] → [ +0.5393  +0.7711  +0.5772  +1.3033  +0.9552  +0.6495  +0.3865  +1.1769 ]
      class 6 │ norm=5.1585  mean=+0.5095  std=0.3983  min=+0.0000  max=+1.5958
               weights[0:8] → [ +0.6929  +0.3214  +1.0705  +0.9129  +0.7372  +0.5962  +0.3393  +0.8435 ]
      class 7 │ norm=5.1705  mean=+0.4029  std=0.5094  min=+0.0000  max=+1.8829
               weights[0:8] → [ +0.7245  +0.2791  +1.3685  +1.1894  +0.1166  +0.1278  +0.3458  +0.7123 ]
  ────────────────────────────────────────────────────────────

  [CLUSTER]  K-Means result   [12:01:32.099]
      hospital_1 → cluster 1
      hospital_2 → cluster 0
      hospital_3 → cluster 0

  [SEND]  📡 → hospital_2   source: cluster 0   [12:01:32.105]
  Sending 8 class prototypes:
  ────────────────────────────────────────────────────────────
      class 0 │ norm=6.4465  mean=+0.5789  std=0.5650  min=+0.0000  max=+1.9637
               weights[0:8] → [ +0.8872  +0.2349  +1.1768  +0.0613  +1.5737  +1.1812  +0.5317  +0.7453 ]
      class 1 │ norm=5.8929  mean=+0.5331  std=0.5123  min=+0.0000  max=+1.7850
               weights[0:8] → [ +1.0331  +0.3022  +1.4121  +0.0501  +1.2224  +1.2044  +0.4408  +0.9882 ]
      class 2 │ norm=5.3900  mean=+0.4250  std=0.5269  min=+0.0000  max=+2.1575
               weights[0:8] → [ +0.7801  +0.1247  +1.4109  +0.0000  +0.6719  +0.4317  +0.2444  +0.8039 ]
      class 3 │ norm=6.3449  mean=+0.5651  std=0.5609  min=+0.0000  max=+1.9883
               weights[0:8] → [ +0.8410  +0.2236  +1.0901  +0.0518  +1.6114  +1.1767  +0.5065  +0.7294 ]
      class 4 │ norm=5.6098  mean=+0.4894  std=0.5062  min=+0.0000  max=+1.9001
               weights[0:8] → [ +0.8336  +0.1228  +1.3476  +0.0872  +1.0411  +0.7343  +0.4634  +0.7160 ]
      class 5 │ norm=6.4613  mean=+0.5605  std=0.5861  min=+0.0000  max=+2.1690
               weights[0:8] → [ +0.9501  +0.4893  +1.0060  +0.0000  +1.7105  +1.1814  +0.6676  +0.7524 ]
      class 6 │ norm=5.3234  mean=+0.4565  std=0.4880  min=+0.0000  max=+1.8829
               weights[0:8] → [ +0.8594  +0.1288  +1.3480  +0.0853  +0.9376  +0.7517  +0.4053  +0.8136 ]
      class 7 │ norm=5.5154  mean=+0.3550  std=0.5957  min=+0.0000  max=+2.3836
               weights[0:8] → [ +0.8652  +0.0233  +1.7188  +0.1338  +0.1565  +0.1714  +0.3615  +0.8479 ]
  ────────────────────────────────────────────────────────────

  [RECV]  📦 hospital_1 — update #19   [12:01:38.115]
  Received 8 class prototypes:
  ────────────────────────────────────────────────────────────
      class 0 │ norm=10.1031  mean=+0.8388  std=0.9516  min=+0.0000  max=+3.3378
               weights[0:8] → [ +0.0000  +0.8210  +0.0001  +3.3378  +0.0000  +0.0000  +0.0000  +1.6154 ]
      class 1 │ norm=9.5666  mean=+0.7518  std=0.9373  min=+0.0000  max=+3.5692
               weights[0:8] → [ +0.0000  +1.1434  +0.0001  +3.5692  +0.0000  +0.0000  +0.0000  +1.3441 ]
      class 2 │ norm=9.4911  mean=+0.6213  std=1.0187  min=+0.0000  max=+4.2579
               weights[0:8] → [ +0.0000  +0.9165  +0.0001  +4.2579  +0.0000  +0.0000  +0.0000  +0.6739 ]
      class 3 │ norm=9.7670  mean=+0.8023  std=0.9275  min=+0.0000  max=+3.2595
               weights[0:8] → [ +0.0000  +0.7194  +0.0001  +3.2595  +0.0000  +0.0000  +0.0000  +1.6405 ]
      class 4 │ norm=9.4913  mean=+0.7076  std=0.9598  min=+0.0000  max=+3.9218
               weights[0:8] → [ +0.0000  +0.8732  +0.0001  +3.9218  +0.0000  +0.0000  +0.0000  +1.0106 ]
      class 5 │ norm=9.5787  mean=+0.7810  std=0.9147  min=+0.0000  max=+3.0939
               weights[0:8] → [ +0.0000  +0.6374  +0.0001  +3.0939  +0.0000  +0.0000  +0.0000  +1.7370 ]
      class 6 │ norm=9.2092  mean=+0.6644  std=0.9475  min=+0.0000  max=+3.8505
               weights[0:8] → [ +0.0000  +0.9129  +0.0001  +3.8505  +0.0000  +0.0000  +0.0000  +0.9865 ]
      class 7 │ norm=10.1611  mean=+0.5231  std=1.1666  min=+0.0000  max=+4.7881
               weights[0:8] → [ +0.0000  +1.1401  +0.0001  +4.7881  +0.0000  +0.0000  +0.0000  +0.1789 ]
  ────────────────────────────────────────────────────────────

  [GLOBAL]  Current global proto state   [12:01:38.141]
  ────────────────────────────────────────────────────────────
      class 0 │ norm=6.7310  mean=+0.6982  std=0.4731  min=+0.0000  max=+1.5885
               weights[0:8] → [ +0.4880  +0.5093  +0.6558  +1.5443  +0.8841  +0.6727  +0.2803  +1.1325 ]
      class 1 │ norm=6.1690  mean=+0.6309  std=0.4469  min=+0.0000  max=+1.6360
               weights[0:8] → [ +0.5733  +0.6590  +0.7784  +1.6360  +0.6572  +0.6424  +0.2376  +1.1369 ]
      class 2 │ norm=6.6852  mean=+0.5560  std=0.6288  min=+0.0000  max=+2.5752
               weights[0:8] → [ +0.3003  +0.6991  +0.5642  +2.5752  +0.2722  +0.1761  +0.1038  +0.7427 ]
      class 3 │ norm=6.5481  mean=+0.6768  std=0.4639  min=+0.0000  max=+1.4980
               weights[0:8] → [ +0.4616  +0.4657  +0.6070  +1.4980  +0.9058  +0.6731  +0.2660  +1.1313 ]
      class 4 │ norm=6.0156  mean=+0.5937  std=0.4651  min=+0.0000  max=+1.8351
               weights[0:8] → [ +0.4707  +0.4788  +0.7529  +1.8351  +0.5911  +0.4272  +0.2663  +0.8506 ]
      class 5 │ norm=7.1114  mean=+0.7011  std=0.5508  min=+0.0000  max=+1.8405
               weights[0:8] → [ +0.3775  +0.7310  +0.4041  +1.8405  +0.6686  +0.4547  +0.2706  +1.3450 ]
      class 6 │ norm=5.7379  mean=+0.5560  std=0.4567  min=+0.0000  max=+1.7942
               weights[0:8] → [ +0.4850  +0.4988  +0.7494  +1.7942  +0.5160  +0.4173  +0.2375  +0.8864 ]
      class 7 │ norm=5.8584  mean=+0.4390  std=0.5908  min=+0.0000  max=+2.2690
               weights[0:8] → [ +0.5072  +0.5374  +0.9580  +2.2690  +0.0816  +0.0895  +0.2421  +0.5523 ]
  ────────────────────────────────────────────────────────────

  [CLUSTER]  K-Means result   [12:01:38.230]
      hospital_1 → cluster 1
      hospital_2 → cluster 0
      hospital_3 → cluster 0

  [SEND]  📡 → hospital_1   source: cluster 1   [12:01:38.232]
  Sending 8 class prototypes:
  ────────────────────────────────────────────────────────────
      class 0 │ norm=10.1031  mean=+0.8388  std=0.9516  min=+0.0000  max=+3.3378
               weights[0:8] → [ +0.0000  +0.8210  +0.0001  +3.3378  +0.0000  +0.0000  +0.0000  +1.6154 ]
      class 1 │ norm=9.5666  mean=+0.7518  std=0.9373  min=+0.0000  max=+3.5692
               weights[0:8] → [ +0.0000  +1.1434  +0.0001  +3.5692  +0.0000  +0.0000  +0.0000  +1.3441 ]
      class 2 │ norm=9.4911  mean=+0.6213  std=1.0187  min=+0.0000  max=+4.2579
               weights[0:8] → [ +0.0000  +0.9165  +0.0001  +4.2579  +0.0000  +0.0000  +0.0000  +0.6739 ]
      class 3 │ norm=9.7670  mean=+0.8023  std=0.9275  min=+0.0000  max=+3.2595
               weights[0:8] → [ +0.0000  +0.7194  +0.0001  +3.2595  +0.0000  +0.0000  +0.0000  +1.6405 ]
      class 4 │ norm=9.4913  mean=+0.7076  std=0.9598  min=+0.0000  max=+3.9218
               weights[0:8] → [ +0.0000  +0.8732  +0.0001  +3.9218  +0.0000  +0.0000  +0.0000  +1.0106 ]
      class 5 │ norm=9.5787  mean=+0.7810  std=0.9147  min=+0.0000  max=+3.0939
               weights[0:8] → [ +0.0000  +0.6374  +0.0001  +3.0939  +0.0000  +0.0000  +0.0000  +1.7370 ]
      class 6 │ norm=9.2092  mean=+0.6644  std=0.9475  min=+0.0000  max=+3.8505
               weights[0:8] → [ +0.0000  +0.9129  +0.0001  +3.8505  +0.0000  +0.0000  +0.0000  +0.9865 ]
      class 7 │ norm=10.1611  mean=+0.5231  std=1.1666  min=+0.0000  max=+4.7881
               weights[0:8] → [ +0.0000  +1.1401  +0.0001  +4.7881  +0.0000  +0.0000  +0.0000  +0.1789 ]
  ────────────────────────────────────────────────────────────

  [RECV]  📦 hospital_3 — update #20   [12:01:44.727]
  Received 8 class prototypes:
  ────────────────────────────────────────────────────────────
      class 0 │ norm=6.5142  mean=+0.5714  std=0.5847  min=+0.0000  max=+2.0444
               weights[0:8] → [ +0.9102  +0.3348  +1.1762  +0.0000  +1.4563  +1.0173  +0.6540  +0.7506 ]
      class 1 │ norm=6.0118  mean=+0.5385  std=0.5283  min=+0.0000  max=+1.6915
               weights[0:8] → [ +0.9688  +0.5745  +1.4224  +0.0000  +1.4372  +1.3162  +0.5222  +0.9359 ]
      class 2 │ norm=5.3585  mean=+0.4161  std=0.5290  min=+0.0000  max=+2.1855
               weights[0:8] → [ +0.7321  +0.0539  +1.4343  +0.0000  +0.6397  +0.3683  +0.2267  +0.7914 ]
      class 3 │ norm=6.3825  mean=+0.5558  std=0.5769  min=+0.0000  max=+2.0487
               weights[0:8] → [ +0.8737  +0.3010  +1.1018  +0.0000  +1.5358  +1.0202  +0.6319  +0.7673 ]
      class 4 │ norm=5.6424  mean=+0.4755  std=0.5251  min=+0.0000  max=+2.0020
               weights[0:8] → [ +0.7969  +0.1469  +1.3351  +0.0000  +0.9071  +0.5702  +0.3928  +0.7524 ]
      class 5 │ norm=6.3756  mean=+0.5514  std=0.5799  min=+0.0000  max=+2.1199
               weights[0:8] → [ +0.8726  +0.3463  +0.9956  +0.0000  +1.6876  +1.1159  +0.6567  +0.7962 ]
      class 6 │ norm=5.3405  mean=+0.4500  std=0.4970  min=+0.0000  max=+1.9463
               weights[0:8] → [ +0.8108  +0.1742  +1.3630  +0.0000  +0.9924  +0.7293  +0.3102  +0.8554 ]
      class 7 │ norm=5.7675  mean=+0.3507  std=0.6349  min=+0.0000  max=+2.5619
               weights[0:8] → [ +0.7039  +0.0367  +1.6980  +0.0000  +0.2195  +0.1987  +0.0332  +0.8875 ]
  ────────────────────────────────────────────────────────────

  [GLOBAL]  Current global proto state   [12:01:44.736]
  ────────────────────────────────────────────────────────────
      class 0 │ norm=6.3315  mean=+0.6602  std=0.4399  min=+0.0000  max=+1.5749
               weights[0:8] → [ +0.6146  +0.4569  +0.8119  +1.0810  +1.0557  +0.7761  +0.3924  +1.0179 ]
      class 1 │ norm=5.7830  mean=+0.6032  std=0.4015  min=+0.0000  max=+1.4549
               weights[0:8] → [ +0.6920  +0.6336  +0.9716  +1.1452  +0.8912  +0.8445  +0.3230  +1.0766 ]
      class 2 │ norm=5.6934  mean=+0.5140  std=0.4961  min=+0.0000  max=+1.8027
               weights[0:8] → [ +0.4298  +0.5055  +0.8252  +1.8027  +0.3825  +0.2338  +0.1407  +0.7573 ]
      class 3 │ norm=6.1658  mean=+0.6405  std=0.4321  min=+0.0000  max=+1.5472
               weights[0:8] → [ +0.5852  +0.4163  +0.7554  +1.0486  +1.0948  +0.7772  +0.3757  +1.0221 ]
      class 4 │ norm=5.5617  mean=+0.5582  std=0.4177  min=+0.0000  max=+1.6473
               weights[0:8] → [ +0.5686  +0.3792  +0.9276  +1.2846  +0.6859  +0.4701  +0.3042  +0.8212 ]
      class 5 │ norm=6.3586  mean=+0.6562  std=0.4521  min=+0.0000  max=+1.4518
               weights[0:8] → [ +0.5260  +0.6156  +0.5815  +1.2883  +0.9743  +0.6531  +0.3864  +1.1803 ]
      class 6 │ norm=5.2797  mean=+0.5242  std=0.4041  min=+0.0000  max=+1.4753
               weights[0:8] → [ +0.5827  +0.4014  +0.9335  +1.2560  +0.6589  +0.5109  +0.2593  +0.8771 ]
      class 7 │ norm=5.3491  mean=+0.4125  std=0.5304  min=+0.0000  max=+1.6937
               weights[0:8] → [ +0.5662  +0.3872  +1.1800  +1.5883  +0.1230  +0.1223  +0.1794  +0.6528 ]
  ────────────────────────────────────────────────────────────

  [CLUSTER]  K-Means result   [12:01:44.795]
      hospital_1 → cluster 1
      hospital_2 → cluster 0
      hospital_3 → cluster 0

  [SEND]  📡 → hospital_3   source: cluster 0   [12:01:44.799]
  Sending 8 class prototypes:
  ────────────────────────────────────────────────────────────
      class 0 │ norm=6.4410  mean=+0.5765  std=0.5664  min=+0.0000  max=+1.9587
               weights[0:8] → [ +0.8544  +0.1674  +1.1823  +0.0613  +1.5596  +1.1553  +0.5278  +0.7529 ]
      class 1 │ norm=5.9186  mean=+0.5364  std=0.5136  min=+0.0000  max=+1.8017
               weights[0:8] → [ +1.0195  +0.2873  +1.4255  +0.0501  +1.2331  +1.2211  +0.4508  +1.0054 ]
      class 2 │ norm=5.3585  mean=+0.4161  std=0.5290  min=+0.0000  max=+2.1855
               weights[0:8] → [ +0.7321  +0.0539  +1.4343  +0.0000  +0.6397  +0.3683  +0.2267  +0.7914 ]
      class 3 │ norm=6.3208  mean=+0.5612  std=0.5606  min=+0.0000  max=+1.9724
               weights[0:8] → [ +0.8042  +0.1505  +1.0914  +0.0518  +1.5972  +1.1449  +0.4995  +0.7428 ]
      class 4 │ norm=5.5959  mean=+0.4855  std=0.5075  min=+0.0000  max=+1.9130
               weights[0:8] → [ +0.8060  +0.0734  +1.3575  +0.0872  +1.0227  +0.7032  +0.4564  +0.7121 ]
      class 5 │ norm=6.3756  mean=+0.5514  std=0.5799  min=+0.0000  max=+2.1199
               weights[0:8] → [ +0.8726  +0.3463  +0.9956  +0.0000  +1.6876  +1.1159  +0.6567  +0.7962 ]
      class 6 │ norm=5.3101  mean=+0.4533  std=0.4887  min=+0.0000  max=+1.9045
               weights[0:8] → [ +0.8376  +0.0871  +1.3563  +0.0853  +0.9290  +0.7284  +0.3971  +0.8205 ]
      class 7 │ norm=5.5197  mean=+0.3523  std=0.5979  min=+0.0000  max=+2.3933
               weights[0:8] → [ +0.8571  +0.0183  +1.7381  +0.1338  +0.1520  +0.1577  +0.3606  +0.8365 ]
  ────────────────────────────────────────────────────────────
  [CKPT]  💾 Checkpoint saved → global_models/async_checkpoint_20.pt   update #20

  [RECV]  📦 hospital_2 — update #21   [12:01:51.699]
  Received 6 class prototypes:
  ────────────────────────────────────────────────────────────
      class 0 │ norm=6.6794  mean=+0.6006  std=0.5846  min=+0.0000  max=+1.8456
               weights[0:8] → [ +0.8225  +0.0000  +1.2510  +0.1319  +1.6627  +1.2436  +0.4639  +0.8196 ]
      class 1 │ norm=6.2411  mean=+0.5590  std=0.5485  min=+0.0000  max=+2.0076
               weights[0:8] → [ +1.1128  +0.0000  +1.5007  +0.1076  +1.0105  +1.1141  +0.4390  +1.1686 ]
      class 3 │ norm=6.5576  mean=+0.5854  std=0.5783  min=+0.0000  max=+1.8589
               weights[0:8] → [ +0.7563  +0.0000  +1.1361  +0.1152  +1.6438  +1.2054  +0.4255  +0.7864 ]
      class 4 │ norm=5.8719  mean=+0.5146  std=0.5276  min=+0.0000  max=+1.9237
               weights[0:8] → [ +0.8464  +0.0000  +1.4672  +0.1814  +1.1386  +0.7978  +0.5994  +0.7269 ]
      class 6 │ norm=5.6181  mean=+0.4781  std=0.5185  min=+0.0000  max=+1.9665
               weights[0:8] → [ +0.8961  +0.0000  +1.4248  +0.1894  +0.8517  +0.6951  +0.5617  +0.8576 ]
      class 7 │ norm=5.7804  mean=+0.3758  std=0.6220  min=+0.0000  max=+2.3510
               weights[0:8] → [ +1.0581  +0.0000  +1.8991  +0.2765  +0.0780  +0.1133  +0.7925  +0.8515 ]
  ────────────────────────────────────────────────────────────

  [GLOBAL]  Current global proto state   [12:01:51.707]
  ────────────────────────────────────────────────────────────
      class 0 │ norm=6.2745  mean=+0.6423  std=0.4537  min=+0.0000  max=+1.6405
               weights[0:8] → [ +0.6770  +0.3199  +0.9436  +0.7963  +1.2378  +0.9164  +0.4139  +0.9584 ]
      class 1 │ norm=5.7369  mean=+0.5900  std=0.4109  min=+0.0000  max=+1.5845
               weights[0:8] → [ +0.8182  +0.4436  +1.1303  +0.8339  +0.9270  +0.9254  +0.3578  +1.1042 ]
      class 2 │ norm=5.6934  mean=+0.5140  std=0.4961  min=+0.0000  max=+1.8027
               weights[0:8] → [ +0.4298  +0.5055  +0.8252  +1.8027  +0.3825  +0.2338  +0.1407  +0.7573 ]
      class 3 │ norm=6.1315  mean=+0.6240  std=0.4486  min=+0.0000  max=+1.6407
               weights[0:8] → [ +0.6365  +0.2914  +0.8696  +0.7686  +1.2595  +0.9057  +0.3907  +0.9514 ]
      class 4 │ norm=5.4762  mean=+0.5451  std=0.4173  min=+0.0000  max=+1.7302
               weights[0:8] → [ +0.6519  +0.2654  +1.0895  +0.9536  +0.8217  +0.5684  +0.3928  +0.7929 ]
      class 5 │ norm=6.3586  mean=+0.6562  std=0.4521  min=+0.0000  max=+1.4518
               weights[0:8] → [ +0.5260  +0.6156  +0.5815  +1.2883  +0.9743  +0.6531  +0.3864  +1.1803 ]
      class 6 │ norm=5.2049  mean=+0.5104  std=0.4067  min=+0.0000  max=+1.6227
               weights[0:8] → [ +0.6767  +0.2810  +1.0809  +0.9360  +0.7168  +0.5662  +0.3500  +0.8713 ]
      class 7 │ norm=5.2167  mean=+0.4015  std=0.5179  min=+0.0000  max=+1.8909
               weights[0:8] → [ +0.7138  +0.2710  +1.3957  +1.1948  +0.1095  +0.1196  +0.3633  +0.7125 ]
  ────────────────────────────────────────────────────────────

  [CLUSTER]  K-Means result   [12:01:51.784]
      hospital_1 → cluster 1
      hospital_2 → cluster 0
      hospital_3 → cluster 0

  [SEND]  📡 → hospital_2   source: cluster 0   [12:01:51.786]
  Sending 8 class prototypes:
  ────────────────────────────────────────────────────────────
      class 0 │ norm=6.5478  mean=+0.5860  std=0.5759  min=+0.0000  max=+1.9450
               weights[0:8] → [ +0.8663  +0.1674  +1.2136  +0.0660  +1.5595  +1.1305  +0.5590  +0.7851 ]
      class 1 │ norm=6.0475  mean=+0.5488  std=0.5240  min=+0.0000  max=+1.8495
               weights[0:8] → [ +1.0408  +0.2873  +1.4615  +0.0538  +1.2238  +1.2151  +0.4806  +1.0523 ]
      class 2 │ norm=5.3585  mean=+0.4161  std=0.5290  min=+0.0000  max=+2.1855
               weights[0:8] → [ +0.7321  +0.0539  +1.4343  +0.0000  +0.6397  +0.3683  +0.2267  +0.7914 ]
      class 3 │ norm=6.4236  mean=+0.5706  std=0.5694  min=+0.0000  max=+1.9538
               weights[0:8] → [ +0.8150  +0.1505  +1.1189  +0.0576  +1.5898  +1.1128  +0.5287  +0.7768 ]
      class 4 │ norm=5.7202  mean=+0.4950  std=0.5200  min=+0.0000  max=+1.9628
               weights[0:8] → [ +0.8216  +0.0734  +1.4011  +0.0907  +1.0229  +0.6840  +0.4961  +0.7396 ]
      class 5 │ norm=6.3756  mean=+0.5514  std=0.5799  min=+0.0000  max=+2.1199
               weights[0:8] → [ +0.8726  +0.3463  +0.9956  +0.0000  +1.6876  +1.1159  +0.6567  +0.7962 ]
      class 6 │ norm=5.4551  mean=+0.4640  std=0.5036  min=+0.0000  max=+1.9564
               weights[0:8] → [ +0.8534  +0.0871  +1.3939  +0.0947  +0.9220  +0.7122  +0.4359  +0.8565 ]
      class 7 │ norm=5.6960  mean=+0.3633  std=0.6172  min=+0.0000  max=+2.4565
               weights[0:8] → [ +0.8810  +0.0183  +1.7986  +0.1382  +0.1487  +0.1560  +0.4129  +0.8695 ]
  ────────────────────────────────────────────────────────────

  [RECV]  📦 hospital_1 — update #22   [12:02:01.532]
  Received 8 class prototypes:
  ────────────────────────────────────────────────────────────
      class 0 │ norm=10.2751  mean=+0.8573  std=0.9639  min=+0.0000  max=+3.3232
               weights[0:8] → [ +0.0000  +0.8059  +0.0001  +3.3232  +0.0000  +0.0000  +0.0000  +1.6451 ]
      class 1 │ norm=9.8008  mean=+0.7792  std=0.9529  min=+0.0000  max=+3.5561
               weights[0:8] → [ +0.0000  +1.1827  +0.0001  +3.5561  +0.0000  +0.0000  +0.0000  +1.4053 ]
      class 2 │ norm=9.5247  mean=+0.6268  std=1.0202  min=+0.0000  max=+4.2294
               weights[0:8] → [ +0.0000  +0.8901  +0.0001  +4.2294  +0.0000  +0.0000  +0.0000  +0.6950 ]
      class 3 │ norm=9.9197  mean=+0.8179  std=0.9393  min=+0.0000  max=+3.2472
               weights[0:8] → [ +0.0000  +0.6874  +0.0001  +3.2472  +0.0000  +0.0000  +0.0000  +1.6819 ]
      class 4 │ norm=9.5611  mean=+0.7172  std=0.9636  min=+0.0000  max=+3.8972
               weights[0:8] → [ +0.0000  +0.8499  +0.0001  +3.8972  +0.0000  +0.0000  +0.0000  +1.0280 ]
      class 5 │ norm=9.7408  mean=+0.7961  std=0.9286  min=+0.0000  max=+3.0880
               weights[0:8] → [ +0.0000  +0.5884  +0.0001  +3.0880  +0.0000  +0.0000  +0.0000  +1.7911 ]
      class 6 │ norm=9.3080  mean=+0.6773  std=0.9535  min=+0.0000  max=+3.8348
               weights[0:8] → [ +0.0000  +0.8866  +0.0001  +3.8348  +0.0000  +0.0000  +0.0000  +1.0327 ]
      class 7 │ norm=10.1701  mean=+0.5275  std=1.1658  min=+0.0000  max=+4.7560
               weights[0:8] → [ +0.0000  +1.1312  +0.0001  +4.7560  +0.0000  +0.0000  +0.0000  +0.1988 ]
  ────────────────────────────────────────────────────────────

  [GLOBAL]  Current global proto state   [12:02:01.548]
  ────────────────────────────────────────────────────────────
      class 0 │ norm=6.8354  mean=+0.7068  std=0.4839  min=+0.0000  max=+1.6268
               weights[0:8] → [ +0.4739  +0.4657  +0.6606  +1.5544  +0.8665  +0.6415  +0.2897  +1.1644 ]
      class 1 │ norm=6.3206  mean=+0.6467  std=0.4574  min=+0.0000  max=+1.6506
               weights[0:8] → [ +0.5728  +0.6653  +0.7913  +1.6506  +0.6489  +0.6478  +0.2504  +1.1945 ]
      class 2 │ norm=6.5801  mean=+0.5479  std=0.6183  min=+0.0000  max=+2.5307
               weights[0:8] → [ +0.3009  +0.6209  +0.5777  +2.5307  +0.2677  +0.1636  +0.0985  +0.7386 ]
      class 3 │ norm=6.6269  mean=+0.6822  std=0.4737  min=+0.0000  max=+1.5122
               weights[0:8] → [ +0.4456  +0.4102  +0.6088  +1.5122  +0.8816  +0.6340  +0.2735  +1.1705 ]
      class 4 │ norm=6.0747  mean=+0.5968  std=0.4733  min=+0.0000  max=+1.8367
               weights[0:8] → [ +0.4563  +0.4408  +0.7626  +1.8367  +0.5752  +0.3979  +0.2749  +0.8634 ]
      class 5 │ norm=7.0723  mean=+0.6981  std=0.5466  min=+0.0000  max=+1.8282
               weights[0:8] → [ +0.3682  +0.6074  +0.4071  +1.8282  +0.6820  +0.4571  +0.2705  +1.3635 ]
      class 6 │ norm=5.8160  mean=+0.5604  std=0.4667  min=+0.0000  max=+1.8056
               weights[0:8] → [ +0.4737  +0.4627  +0.7566  +1.8056  +0.5017  +0.3963  +0.2450  +0.9197 ]
      class 7 │ norm=5.9039  mean=+0.4393  std=0.5977  min=+0.0000  max=+2.2631
               weights[0:8] → [ +0.4996  +0.5291  +0.9771  +2.2631  +0.0766  +0.0837  +0.2543  +0.5584 ]
  ────────────────────────────────────────────────────────────

  [CLUSTER]  K-Means result   [12:02:01.619]
      hospital_1 → cluster 1
      hospital_2 → cluster 0
      hospital_3 → cluster 0

  [SEND]  📡 → hospital_1   source: cluster 1   [12:02:01.623]
  Sending 8 class prototypes:
  ────────────────────────────────────────────────────────────
      class 0 │ norm=10.2751  mean=+0.8573  std=0.9639  min=+0.0000  max=+3.3232
               weights[0:8] → [ +0.0000  +0.8059  +0.0001  +3.3232  +0.0000  +0.0000  +0.0000  +1.6451 ]
      class 1 │ norm=9.8008  mean=+0.7792  std=0.9529  min=+0.0000  max=+3.5561
               weights[0:8] → [ +0.0000  +1.1827  +0.0001  +3.5561  +0.0000  +0.0000  +0.0000  +1.4053 ]
      class 2 │ norm=9.5247  mean=+0.6268  std=1.0202  min=+0.0000  max=+4.2294
               weights[0:8] → [ +0.0000  +0.8901  +0.0001  +4.2294  +0.0000  +0.0000  +0.0000  +0.6950 ]
      class 3 │ norm=9.9197  mean=+0.8179  std=0.9393  min=+0.0000  max=+3.2472
               weights[0:8] → [ +0.0000  +0.6874  +0.0001  +3.2472  +0.0000  +0.0000  +0.0000  +1.6819 ]
      class 4 │ norm=9.5611  mean=+0.7172  std=0.9636  min=+0.0000  max=+3.8972
               weights[0:8] → [ +0.0000  +0.8499  +0.0001  +3.8972  +0.0000  +0.0000  +0.0000  +1.0280 ]
      class 5 │ norm=9.7408  mean=+0.7961  std=0.9286  min=+0.0000  max=+3.0880
               weights[0:8] → [ +0.0000  +0.5884  +0.0001  +3.0880  +0.0000  +0.0000  +0.0000  +1.7911 ]
      class 6 │ norm=9.3080  mean=+0.6773  std=0.9535  min=+0.0000  max=+3.8348
               weights[0:8] → [ +0.0000  +0.8866  +0.0001  +3.8348  +0.0000  +0.0000  +0.0000  +1.0327 ]
      class 7 │ norm=10.1701  mean=+0.5275  std=1.1658  min=+0.0000  max=+4.7560
               weights[0:8] → [ +0.0000  +1.1312  +0.0001  +4.7560  +0.0000  +0.0000  +0.0000  +0.1988 ]
  ────────────────────────────────────────────────────────────

  [RECV]  📦 hospital_3 — update #23   [12:02:08.252]
  Received 8 class prototypes:
  ────────────────────────────────────────────────────────────
      class 0 │ norm=6.5113  mean=+0.5705  std=0.5851  min=+0.0000  max=+2.0112
               weights[0:8] → [ +0.9132  +0.2696  +1.2123  +0.0000  +1.3977  +0.9710  +0.6429  +0.7779 ]
      class 1 │ norm=6.0811  mean=+0.5445  std=0.5346  min=+0.0000  max=+1.7656
               weights[0:8] → [ +0.9974  +0.5508  +1.4681  +0.0000  +1.4128  +1.3249  +0.5339  +0.9716 ]
      class 2 │ norm=5.4580  mean=+0.4177  std=0.5437  min=+0.0000  max=+2.2358
               weights[0:8] → [ +0.7645  +0.0294  +1.4866  +0.0000  +0.6047  +0.3204  +0.2095  +0.8008 ]
      class 3 │ norm=6.3507  mean=+0.5529  std=0.5741  min=+0.0000  max=+1.9936
               weights[0:8] → [ +0.8698  +0.2271  +1.1339  +0.0000  +1.4782  +0.9649  +0.6129  +0.8118 ]
      class 4 │ norm=5.7045  mean=+0.4762  std=0.5349  min=+0.0000  max=+2.0500
               weights[0:8] → [ +0.8195  +0.1040  +1.3821  +0.0000  +0.8603  +0.5217  +0.3790  +0.7635 ]
      class 5 │ norm=6.3143  mean=+0.5478  std=0.5728  min=+0.0000  max=+2.0479
               weights[0:8] → [ +0.8638  +0.2760  +1.0212  +0.0000  +1.6358  +1.0618  +0.6391  +0.8610 ]
      class 6 │ norm=5.4178  mean=+0.4507  std=0.5095  min=+0.0000  max=+2.0216
               weights[0:8] → [ +0.8367  +0.1265  +1.4063  +0.0000  +0.9590  +0.6862  +0.2928  +0.8863 ]
      class 7 │ norm=5.9162  mean=+0.3566  std=0.6530  min=+0.0000  max=+2.5990
               weights[0:8] → [ +0.7668  +0.0283  +1.7642  +0.0000  +0.2142  +0.1788  +0.0308  +0.8850 ]
  ────────────────────────────────────────────────────────────

  [GLOBAL]  Current global proto state   [12:02:08.266]
  ────────────────────────────────────────────────────────────
      class 0 │ norm=6.4050  mean=+0.6659  std=0.4480  min=+0.0000  max=+1.6494
               weights[0:8] → [ +0.6057  +0.4069  +0.8261  +1.0881  +1.0259  +0.7403  +0.3957  +1.0485 ]
      class 1 │ norm=5.9047  mean=+0.6161  std=0.4097  min=+0.0000  max=+1.4703
               weights[0:8] → [ +0.7001  +0.6310  +0.9943  +1.1554  +0.8780  +0.8509  +0.3355  +1.1277 ]
      class 2 │ norm=5.6510  mean=+0.5088  std=0.4939  min=+0.0000  max=+1.7715
               weights[0:8] → [ +0.4399  +0.4434  +0.8503  +1.7715  +0.3688  +0.2107  +0.1318  +0.7573 ]
      class 3 │ norm=6.2117  mean=+0.6434  std=0.4381  min=+0.0000  max=+1.5054
               weights[0:8] → [ +0.5728  +0.3553  +0.7663  +1.0585  +1.0606  +0.7332  +0.3753  +1.0629 ]
      class 4 │ norm=5.6160  mean=+0.5606  std=0.4259  min=+0.0000  max=+1.7013
               weights[0:8] → [ +0.5653  +0.3398  +0.9485  +1.2857  +0.6607  +0.4350  +0.3062  +0.8334 ]
      class 5 │ norm=6.3323  mean=+0.6530  std=0.4508  min=+0.0000  max=+1.4051
               weights[0:8] → [ +0.5169  +0.5080  +0.5913  +1.2798  +0.9682  +0.6386  +0.3811  +1.2128 ]
      class 6 │ norm=5.3481  mean=+0.5275  std=0.4139  min=+0.0000  max=+1.5217
               weights[0:8] → [ +0.5826  +0.3618  +0.9515  +1.2639  +0.6389  +0.4833  +0.2594  +0.9097 ]
      class 7 │ norm=5.4139  mean=+0.4145  std=0.5392  min=+0.0000  max=+1.7091
               weights[0:8] → [ +0.5798  +0.3789  +1.2132  +1.5842  +0.1179  +0.1122  +0.1873  +0.6564 ]
  ────────────────────────────────────────────────────────────

  [CLUSTER]  K-Means result   [12:02:08.335]
      hospital_1 → cluster 1
      hospital_2 → cluster 0
      hospital_3 → cluster 0

  [SEND]  📡 → hospital_3   source: cluster 0   [12:02:08.347]
  Sending 8 class prototypes:
  ────────────────────────────────────────────────────────────
      class 0 │ norm=6.5485  mean=+0.5856  std=0.5765  min=+0.0000  max=+1.9284
               weights[0:8] → [ +0.8678  +0.1348  +1.2316  +0.0660  +1.5302  +1.1073  +0.5534  +0.7988 ]
      class 1 │ norm=6.0858  mean=+0.5518  std=0.5278  min=+0.0000  max=+1.8866
               weights[0:8] → [ +1.0551  +0.2754  +1.4844  +0.0538  +1.2116  +1.2195  +0.4865  +1.0701 ]
      class 2 │ norm=5.4580  mean=+0.4177  std=0.5437  min=+0.0000  max=+2.2358
               weights[0:8] → [ +0.7645  +0.0294  +1.4866  +0.0000  +0.6047  +0.3204  +0.2095  +0.8008 ]
      class 3 │ norm=6.4095  mean=+0.5691  std=0.5684  min=+0.0000  max=+1.9262
               weights[0:8] → [ +0.8130  +0.1136  +1.1350  +0.0576  +1.5610  +1.0851  +0.5192  +0.7991 ]
      class 4 │ norm=5.7480  mean=+0.4954  std=0.5245  min=+0.0000  max=+1.9868
               weights[0:8] → [ +0.8330  +0.0520  +1.4247  +0.0907  +0.9995  +0.6597  +0.4892  +0.7452 ]
      class 5 │ norm=6.3143  mean=+0.5478  std=0.5728  min=+0.0000  max=+2.0479
               weights[0:8] → [ +0.8638  +0.2760  +1.0212  +0.0000  +1.6358  +1.0618  +0.6391  +0.8610 ]
      class 6 │ norm=5.4921  mean=+0.4644  std=0.5096  min=+0.0000  max=+1.9941
               weights[0:8] → [ +0.8664  +0.0633  +1.4155  +0.0947  +0.9053  +0.6906  +0.4273  +0.8720 ]
      class 7 │ norm=5.7711  mean=+0.3662  std=0.6265  min=+0.0000  max=+2.4750
               weights[0:8] → [ +0.9125  +0.0142  +1.8317  +0.1382  +0.1461  +0.1461  +0.4117  +0.8683 ]
  ────────────────────────────────────────────────────────────

  [RECV]  📦 hospital_2 — update #24   [12:02:11.090]
  Received 6 class prototypes:
  ────────────────────────────────────────────────────────────
      class 0 │ norm=6.7303  mean=+0.6012  std=0.5931  min=+0.0000  max=+1.8460
               weights[0:8] → [ +0.7805  +0.0000  +1.2316  +0.0999  +1.7098  +1.2326  +0.4283  +0.7926 ]
      class 1 │ norm=6.2467  mean=+0.5607  std=0.5477  min=+0.0000  max=+1.9959
               weights[0:8] → [ +1.0791  +0.0000  +1.4766  +0.0763  +1.0401  +1.1472  +0.4038  +1.1664 ]
      class 3 │ norm=6.5969  mean=+0.5861  std=0.5846  min=+0.0000  max=+1.8667
               weights[0:8] → [ +0.7153  +0.0000  +1.1126  +0.0826  +1.6852  +1.1915  +0.3855  +0.7704 ]
      class 4 │ norm=5.8358  mean=+0.5098  std=0.5259  min=+0.0000  max=+1.9299
               weights[0:8] → [ +0.8121  +0.0000  +1.4653  +0.1375  +1.1668  +0.7834  +0.5646  +0.6846 ]
      class 6 │ norm=5.5470  mean=+0.4721  std=0.5118  min=+0.0000  max=+1.9685
               weights[0:8] → [ +0.8579  +0.0000  +1.4090  +0.1441  +0.8697  +0.6923  +0.5180  +0.8337 ]
      class 7 │ norm=5.6777  mean=+0.3637  std=0.6143  min=+0.0000  max=+2.3715
               weights[0:8] → [ +1.0286  +0.0000  +1.9128  +0.2151  +0.0786  +0.1180  +0.7579  +0.8015 ]
  ────────────────────────────────────────────────────────────

  [GLOBAL]  Current global proto state   [12:02:11.102]
  ────────────────────────────────────────────────────────────
      class 0 │ norm=6.3281  mean=+0.6465  std=0.4594  min=+0.0000  max=+1.6752
               weights[0:8] → [ +0.6581  +0.2848  +0.9477  +0.7916  +1.2310  +0.8880  +0.4054  +0.9717 ]
      class 1 │ norm=5.8162  mean=+0.5995  std=0.4146  min=+0.0000  max=+1.5943
               weights[0:8] → [ +0.8138  +0.4417  +1.1390  +0.8317  +0.9267  +0.9398  +0.3560  +1.1393 ]
      class 2 │ norm=5.6510  mean=+0.5088  std=0.4939  min=+0.0000  max=+1.7715
               weights[0:8] → [ +0.4399  +0.4434  +0.8503  +1.7715  +0.3688  +0.2107  +0.1318  +0.7573 ]
      class 3 │ norm=6.1651  mean=+0.6262  std=0.4527  min=+0.0000  max=+1.6081
               weights[0:8] → [ +0.6156  +0.2487  +0.8702  +0.7657  +1.2480  +0.8707  +0.3784  +0.9752 ]
      class 4 │ norm=5.4956  mean=+0.5453  std=0.4210  min=+0.0000  max=+1.7699
               weights[0:8] → [ +0.6393  +0.2378  +1.1035  +0.9412  +0.8125  +0.5396  +0.3837  +0.7888 ]
      class 5 │ norm=6.3323  mean=+0.6530  std=0.4508  min=+0.0000  max=+1.4051
               weights[0:8] → [ +0.5169  +0.5080  +0.5913  +1.2798  +0.9682  +0.6386  +0.3811  +1.2128 ]
      class 6 │ norm=5.2300  mean=+0.5109  std=0.4111  min=+0.0000  max=+1.6557
               weights[0:8] → [ +0.6652  +0.2533  +1.0888  +0.9280  +0.7081  +0.5460  +0.3369  +0.8869 ]
      class 7 │ norm=5.2362  mean=+0.3992  std=0.5228  min=+0.0000  max=+1.9078
               weights[0:8] → [ +0.7144  +0.2652  +1.4231  +1.1735  +0.1061  +0.1139  +0.3585  +0.6999 ]
  ────────────────────────────────────────────────────────────

  [CLUSTER]  K-Means result   [12:02:11.167]
      hospital_1 → cluster 1
      hospital_2 → cluster 0
      hospital_3 → cluster 0

  [SEND]  📡 → hospital_2   source: cluster 0   [12:02:11.183]
  Sending 8 class prototypes:
  ────────────────────────────────────────────────────────────
      class 0 │ norm=6.5727  mean=+0.5859  std=0.5805  min=+0.0000  max=+1.9286
               weights[0:8] → [ +0.8469  +0.1348  +1.2219  +0.0500  +1.5538  +1.1018  +0.5356  +0.7853 ]
      class 1 │ norm=6.0884  mean=+0.5526  std=0.5274  min=+0.0000  max=+1.8808
               weights[0:8] → [ +1.0383  +0.2754  +1.4724  +0.0381  +1.2265  +1.2361  +0.4689  +1.0690 ]
      class 2 │ norm=5.4580  mean=+0.4177  std=0.5437  min=+0.0000  max=+2.2358
               weights[0:8] → [ +0.7645  +0.0294  +1.4866  +0.0000  +0.6047  +0.3204  +0.2095  +0.8008 ]
      class 3 │ norm=6.4308  mean=+0.5695  std=0.5718  min=+0.0000  max=+1.9302
               weights[0:8] → [ +0.7925  +0.1136  +1.1233  +0.0413  +1.5817  +1.0782  +0.4992  +0.7911 ]
      class 4 │ norm=5.7293  mean=+0.4930  std=0.5236  min=+0.0000  max=+1.9900
               weights[0:8] → [ +0.8158  +0.0520  +1.4237  +0.0688  +1.0136  +0.6526  +0.4718  +0.7241 ]
      class 5 │ norm=6.3143  mean=+0.5478  std=0.5728  min=+0.0000  max=+2.0479
               weights[0:8] → [ +0.8638  +0.2760  +1.0212  +0.0000  +1.6358  +1.0618  +0.6391  +0.8610 ]
      class 6 │ norm=5.4625  mean=+0.4614  std=0.5073  min=+0.0000  max=+1.9950
               weights[0:8] → [ +0.8473  +0.0633  +1.4076  +0.0720  +0.9143  +0.6893  +0.4054  +0.8600 ]
      class 7 │ norm=5.7329  mean=+0.3601  std=0.6244  min=+0.0000  max=+2.4852
               weights[0:8] → [ +0.8977  +0.0142  +1.8385  +0.1076  +0.1464  +0.1484  +0.3943  +0.8433 ]
  ────────────────────────────────────────────────────────────

  [RECV]  📦 hospital_1 — update #25   [12:02:24.890]
  Received 8 class prototypes:
  ────────────────────────────────────────────────────────────
      class 0 │ norm=10.4551  mean=+0.8717  std=0.9814  min=+0.0000  max=+3.4054
               weights[0:8] → [ +0.0000  +0.8309  +0.0000  +3.4054  +0.0000  +0.0000  +0.0000  +1.6628 ]
      class 1 │ norm=10.0846  mean=+0.8008  std=0.9812  min=+0.0000  max=+3.6517
               weights[0:8] → [ +0.0000  +1.2566  +0.0000  +3.6517  +0.0000  +0.0000  +0.0000  +1.4421 ]
      class 2 │ norm=9.7277  mean=+0.6371  std=1.0439  min=+0.0000  max=+4.3031
               weights[0:8] → [ +0.0000  +0.9022  +0.0001  +4.3031  +0.0000  +0.0000  +0.0000  +0.7090 ]
      class 3 │ norm=10.0979  mean=+0.8294  std=0.9590  min=+0.0000  max=+3.3410
               weights[0:8] → [ +0.0000  +0.6966  +0.0000  +3.3410  +0.0000  +0.0000  +0.0000  +1.7045 ]
      class 4 │ norm=9.7479  mean=+0.7287  std=0.9843  min=+0.0000  max=+3.9692
               weights[0:8] → [ +0.0000  +0.8655  +0.0000  +3.9692  +0.0000  +0.0000  +0.0000  +1.0385 ]
      class 5 │ norm=9.9409  mean=+0.8077  std=0.9517  min=+0.0000  max=+3.1993
               weights[0:8] → [ +0.0000  +0.5914  +0.0000  +3.1993  +0.0000  +0.0000  +0.0000  +1.8217 ]
      class 6 │ norm=9.5452  mean=+0.6903  std=0.9809  min=+0.0000  max=+3.9251
               weights[0:8] → [ +0.0000  +0.9006  +0.0000  +3.9251  +0.0000  +0.0000  +0.0000  +1.0625 ]
      class 7 │ norm=10.3759  mean=+0.5397  std=1.1887  min=+0.0000  max=+4.8260
               weights[0:8] → [ +0.0000  +1.1583  +0.0001  +4.8260  +0.0000  +0.0000  +0.0000  +0.2144 ]
  ────────────────────────────────────────────────────────────

  [GLOBAL]  Current global proto state   [12:02:24.903]
  ────────────────────────────────────────────────────────────
      class 0 │ norm=6.9223  mean=+0.7141  std=0.4925  min=+0.0000  max=+1.6655
               weights[0:8] → [ +0.4607  +0.4486  +0.6634  +1.5758  +0.8617  +0.6216  +0.2838  +1.1790 ]
      class 1 │ norm=6.4555  mean=+0.6599  std=0.4681  min=+0.0000  max=+1.6777
               weights[0:8] → [ +0.5697  +0.6861  +0.7973  +1.6777  +0.6487  +0.6579  +0.2492  +1.2301 ]
      class 2 │ norm=6.5968  mean=+0.5473  std=0.6217  min=+0.0000  max=+2.5310
               weights[0:8] → [ +0.3080  +0.5811  +0.5953  +2.5310  +0.2582  +0.1475  +0.0923  +0.7428 ]
      class 3 │ norm=6.6983  mean=+0.6872  std=0.4822  min=+0.0000  max=+1.5383
               weights[0:8] → [ +0.4309  +0.3830  +0.6092  +1.5383  +0.8736  +0.6095  +0.2648  +1.1940 ]
      class 4 │ norm=6.1377  mean=+0.6003  std=0.4815  min=+0.0000  max=+1.8496
               weights[0:8] → [ +0.4475  +0.4261  +0.7725  +1.8496  +0.5688  +0.3777  +0.2686  +0.8637 ]
      class 5 │ norm=7.1042  mean=+0.6994  std=0.5515  min=+0.0000  max=+1.8556
               weights[0:8] → [ +0.3618  +0.5330  +0.4139  +1.8556  +0.6777  +0.4470  +0.2668  +1.3955 ]
      class 6 │ norm=5.8970  mean=+0.5647  std=0.4775  min=+0.0000  max=+1.8271
               weights[0:8] → [ +0.4656  +0.4475  +0.7621  +1.8271  +0.4957  +0.3822  +0.2359  +0.9396 ]
      class 7 │ norm=5.9718  mean=+0.4414  std=0.6068  min=+0.0000  max=+2.2692
               weights[0:8] → [ +0.5001  +0.5331  +0.9962  +2.2692  +0.0743  +0.0798  +0.2509  +0.5543 ]
  ────────────────────────────────────────────────────────────

  [CLUSTER]  K-Means result   [12:02:24.969]
      hospital_1 → cluster 1
      hospital_2 → cluster 0
      hospital_3 → cluster 0

  [SEND]  📡 → hospital_1   source: cluster 1   [12:02:24.977]
  Sending 8 class prototypes:
  ────────────────────────────────────────────────────────────
      class 0 │ norm=10.4551  mean=+0.8717  std=0.9814  min=+0.0000  max=+3.4054
               weights[0:8] → [ +0.0000  +0.8309  +0.0000  +3.4054  +0.0000  +0.0000  +0.0000  +1.6628 ]
      class 1 │ norm=10.0846  mean=+0.8008  std=0.9812  min=+0.0000  max=+3.6517
               weights[0:8] → [ +0.0000  +1.2566  +0.0000  +3.6517  +0.0000  +0.0000  +0.0000  +1.4421 ]
      class 2 │ norm=9.7277  mean=+0.6371  std=1.0439  min=+0.0000  max=+4.3031
               weights[0:8] → [ +0.0000  +0.9022  +0.0001  +4.3031  +0.0000  +0.0000  +0.0000  +0.7090 ]
      class 3 │ norm=10.0979  mean=+0.8294  std=0.9590  min=+0.0000  max=+3.3410
               weights[0:8] → [ +0.0000  +0.6966  +0.0000  +3.3410  +0.0000  +0.0000  +0.0000  +1.7045 ]
      class 4 │ norm=9.7479  mean=+0.7287  std=0.9843  min=+0.0000  max=+3.9692
               weights[0:8] → [ +0.0000  +0.8655  +0.0000  +3.9692  +0.0000  +0.0000  +0.0000  +1.0385 ]
      class 5 │ norm=9.9409  mean=+0.8077  std=0.9517  min=+0.0000  max=+3.1993
               weights[0:8] → [ +0.0000  +0.5914  +0.0000  +3.1993  +0.0000  +0.0000  +0.0000  +1.8217 ]
      class 6 │ norm=9.5452  mean=+0.6903  std=0.9809  min=+0.0000  max=+3.9251
               weights[0:8] → [ +0.0000  +0.9006  +0.0000  +3.9251  +0.0000  +0.0000  +0.0000  +1.0625 ]
      class 7 │ norm=10.3759  mean=+0.5397  std=1.1887  min=+0.0000  max=+4.8260
               weights[0:8] → [ +0.0000  +1.1583  +0.0001  +4.8260  +0.0000  +0.0000  +0.0000  +0.2144 ]
  ────────────────────────────────────────────────────────────
  [CKPT]  💾 Checkpoint saved → global_models/async_checkpoint_25.pt   update #25

  [RECV]  📦 hospital_2 — update #26   [12:02:30.322]
  Received 6 class prototypes:
  ────────────────────────────────────────────────────────────
      class 0 │ norm=6.6418  mean=+0.5906  std=0.5881  min=+0.0000  max=+1.8063
               weights[0:8] → [ +0.7600  +0.0000  +1.2405  +0.0793  +1.6813  +1.1665  +0.4047  +0.7548 ]
      class 1 │ norm=6.1596  mean=+0.5517  std=0.5413  min=+0.0000  max=+1.9958
               weights[0:8] → [ +1.0584  +0.0000  +1.4845  +0.0571  +1.0098  +1.1116  +0.3812  +1.1388 ]
      class 3 │ norm=6.4940  mean=+0.5757  std=0.5768  min=+0.0000  max=+1.7890
               weights[0:8] → [ +0.6972  +0.0000  +1.1199  +0.0644  +1.6449  +1.1161  +0.3614  +0.7447 ]
      class 4 │ norm=5.7705  mean=+0.4999  std=0.5241  min=+0.0000  max=+1.9442
               weights[0:8] → [ +0.8004  +0.0000  +1.4875  +0.1061  +1.1463  +0.7355  +0.5393  +0.6354 ]
      class 6 │ norm=5.4794  mean=+0.4624  std=0.5093  min=+0.0000  max=+1.9815
               weights[0:8] → [ +0.8421  +0.0000  +1.4230  +0.1183  +0.8428  +0.6510  +0.4904  +0.7972 ]
      class 7 │ norm=5.6499  mean=+0.3550  std=0.6154  min=+0.0000  max=+2.3945
               weights[0:8] → [ +1.0219  +0.0000  +1.9480  +0.1680  +0.0725  +0.1122  +0.7286  +0.7425 ]
  ────────────────────────────────────────────────────────────

  [GLOBAL]  Current global proto state   [12:02:30.336]
  ────────────────────────────────────────────────────────────
      class 0 │ norm=6.5097  mean=+0.6770  std=0.4550  min=+0.0000  max=+1.6884
               weights[0:8] → [ +0.5505  +0.3140  +0.8365  +1.1268  +1.1076  +0.7851  +0.3201  +1.0518 ]
      class 1 │ norm=6.0208  mean=+0.6274  std=0.4189  min=+0.0000  max=+1.5419
               weights[0:8] → [ +0.7163  +0.4803  +1.0035  +1.1915  +0.7570  +0.7940  +0.2888  +1.2027 ]
      class 2 │ norm=6.5968  mean=+0.5473  std=0.6217  min=+0.0000  max=+2.5310
               weights[0:8] → [ +0.3080  +0.5811  +0.5953  +2.5310  +0.2582  +0.1475  +0.0923  +0.7428 ]
      class 3 │ norm=6.3239  mean=+0.6537  std=0.4479  min=+0.0000  max=+1.5280
               weights[0:8] → [ +0.5108  +0.2681  +0.7624  +1.0962  +1.1050  +0.7615  +0.2938  +1.0592 ]
      class 4 │ norm=5.6754  mean=+0.5702  std=0.4254  min=+0.0000  max=+1.6916
               weights[0:8] → [ +0.5534  +0.2983  +0.9870  +1.3266  +0.7420  +0.4850  +0.3498  +0.7952 ]
      class 5 │ norm=7.1042  mean=+0.6994  std=0.5515  min=+0.0000  max=+1.8556
               weights[0:8] → [ +0.3618  +0.5330  +0.4139  +1.8556  +0.6777  +0.4470  +0.2668  +1.3955 ]
      class 6 │ norm=5.4241  mean=+0.5340  std=0.4211  min=+0.0000  max=+1.5237
               weights[0:8] → [ +0.5786  +0.3132  +0.9604  +1.3145  +0.5998  +0.4628  +0.3122  +0.8969 ]
      class 7 │ norm=5.3891  mean=+0.4155  std=0.5344  min=+0.0000  max=+1.6558
               weights[0:8] → [ +0.6566  +0.3732  +1.2817  +1.6389  +0.0737  +0.0895  +0.3942  +0.6107 ]
  ────────────────────────────────────────────────────────────

  [CLUSTER]  K-Means result   [12:02:30.415]
      hospital_1 → cluster 1
      hospital_2 → cluster 0
      hospital_3 → cluster 0

  [SEND]  📡 → hospital_2   source: cluster 0   [12:02:30.423]
  Sending 8 class prototypes:
  ────────────────────────────────────────────────────────────
      class 0 │ norm=6.5281  mean=+0.5806  std=0.5780  min=+0.0000  max=+1.8913
               weights[0:8] → [ +0.8366  +0.1348  +1.2264  +0.0396  +1.5395  +1.0687  +0.5238  +0.7664 ]
      class 1 │ norm=6.0443  mean=+0.5481  std=0.5241  min=+0.0000  max=+1.8807
               weights[0:8] → [ +1.0279  +0.2754  +1.4763  +0.0285  +1.2113  +1.2183  +0.4576  +1.0552 ]
      class 2 │ norm=5.4580  mean=+0.4177  std=0.5437  min=+0.0000  max=+2.2358
               weights[0:8] → [ +0.7645  +0.0294  +1.4866  +0.0000  +0.6047  +0.3204  +0.2095  +0.8008 ]
      class 3 │ norm=6.3806  mean=+0.5643  std=0.5681  min=+0.0000  max=+1.8913
               weights[0:8] → [ +0.7835  +0.1136  +1.1269  +0.0322  +1.5616  +1.0405  +0.4872  +0.7783 ]
      class 4 │ norm=5.6970  mean=+0.4880  std=0.5227  min=+0.0000  max=+1.9971
               weights[0:8] → [ +0.8100  +0.0520  +1.4348  +0.0530  +1.0033  +0.6286  +0.4591  +0.6995 ]
      class 5 │ norm=6.3143  mean=+0.5478  std=0.5728  min=+0.0000  max=+2.0479
               weights[0:8] → [ +0.8638  +0.2760  +1.0212  +0.0000  +1.6358  +1.0618  +0.6391  +0.8610 ]
      class 6 │ norm=5.4309  mean=+0.4566  std=0.5064  min=+0.0000  max=+2.0015
               weights[0:8] → [ +0.8394  +0.0633  +1.4146  +0.0591  +0.9009  +0.6686  +0.3916  +0.8418 ]
      class 7 │ norm=5.7267  mean=+0.3558  std=0.6261  min=+0.0000  max=+2.4967
               weights[0:8] → [ +0.8944  +0.0142  +1.8561  +0.0840  +0.1433  +0.1455  +0.3797  +0.8138 ]
  ────────────────────────────────────────────────────────────
  [DISCONNECT]  ❌ hospital_2   [12:02:30.475]

  [RECV]  📦 hospital_3 — update #27   [12:02:31.819]
  Received 8 class prototypes:
  ────────────────────────────────────────────────────────────
      class 0 │ norm=6.6081  mean=+0.5848  std=0.5879  min=+0.0000  max=+1.9779
               weights[0:8] → [ +0.9097  +0.2823  +1.2387  +0.0000  +1.3686  +1.0087  +0.6617  +0.8726 ]
      class 1 │ norm=6.3012  mean=+0.5666  std=0.5515  min=+0.0000  max=+1.7871
               weights[0:8] → [ +1.0136  +0.5982  +1.5074  +0.0000  +1.4135  +1.4126  +0.5722  +1.0735 ]
      class 2 │ norm=5.5658  mean=+0.4272  std=0.5535  min=+0.0000  max=+2.2232
               weights[0:8] → [ +0.7709  +0.0286  +1.5170  +0.0000  +0.5947  +0.3296  +0.2060  +0.8637 ]
      class 3 │ norm=6.4472  mean=+0.5676  std=0.5766  min=+0.0000  max=+1.9422
               weights[0:8] → [ +0.8670  +0.2360  +1.1623  +0.0000  +1.4609  +1.0101  +0.6266  +0.9312 ]
      class 4 │ norm=5.7977  mean=+0.4866  std=0.5413  min=+0.0000  max=+2.0393
               weights[0:8] → [ +0.8217  +0.1055  +1.4096  +0.0000  +0.8372  +0.5330  +0.3845  +0.8316 ]
      class 5 │ norm=6.4247  mean=+0.5643  std=0.5760  min=+0.0000  max=+1.9840
               weights[0:8] → [ +0.8635  +0.2903  +1.0497  +0.0000  +1.6321  +1.1231  +0.6567  +1.0092 ]
      class 6 │ norm=5.5641  mean=+0.4653  std=0.5211  min=+0.0000  max=+2.0358
               weights[0:8] → [ +0.8491  +0.1302  +1.4378  +0.0000  +0.9611  +0.7306  +0.2942  +0.9838 ]
      class 7 │ norm=6.0373  mean=+0.3666  std=0.6649  min=+0.0000  max=+2.5655
               weights[0:8] → [ +0.7860  +0.0299  +1.7996  +0.0000  +0.2220  +0.1932  +0.0313  +0.9301 ]
  ────────────────────────────────────────────────────────────

  [GLOBAL]  Current global proto state   [12:02:31.832]
  ────────────────────────────────────────────────────────────
      class 0 │ norm=6.3571  mean=+0.6494  std=0.4616  min=+0.0000  max=+1.6956
               weights[0:8] → [ +0.6582  +0.3045  +0.9572  +0.7888  +1.1859  +0.8522  +0.4226  +0.9980 ]
      class 1 │ norm=5.8972  mean=+0.6092  std=0.4184  min=+0.0000  max=+1.5879
               weights[0:8] → [ +0.8055  +0.5157  +1.1546  +0.8341  +0.9539  +0.9796  +0.3738  +1.1640 ]
      class 2 │ norm=5.6886  mean=+0.5113  std=0.4981  min=+0.0000  max=+1.7717
               weights[0:8] → [ +0.4469  +0.4154  +0.8718  +1.7717  +0.3591  +0.2021  +0.1264  +0.7791 ]
      class 3 │ norm=6.1780  mean=+0.6279  std=0.4531  min=+0.0000  max=+1.5772
               weights[0:8] → [ +0.6176  +0.2585  +0.8824  +0.7673  +1.2118  +0.8361  +0.3936  +1.0208 ]
      class 4 │ norm=5.5199  mean=+0.5451  std=0.4263  min=+0.0000  max=+1.7959
               weights[0:8] → [ +0.6339  +0.2405  +1.1138  +0.9286  +0.7706  +0.4994  +0.3602  +0.8061 ]
      class 5 │ norm=6.3855  mean=+0.6589  std=0.4541  min=+0.0000  max=+1.3852
               weights[0:8] → [ +0.5123  +0.4602  +0.6047  +1.2989  +0.9640  +0.6498  +0.3837  +1.2796 ]
      class 6 │ norm=5.2739  mean=+0.5134  std=0.4168  min=+0.0000  max=+1.6773
               weights[0:8] → [ +0.6597  +0.2583  +1.1036  +0.9201  +0.7082  +0.5432  +0.3068  +0.9230 ]
      class 7 │ norm=5.3103  mean=+0.4008  std=0.5333  min=+0.0000  max=+1.9287
               weights[0:8] → [ +0.6954  +0.2702  +1.4371  +1.1472  +0.1182  +0.1206  +0.2854  +0.7065 ]
  ────────────────────────────────────────────────────────────

  [CLUSTER]  K-Means result   [12:02:31.875]
      hospital_1 → cluster 1
      hospital_2 → cluster 0
      hospital_3 → cluster 0

  [SEND]  📡 → hospital_3   source: cluster 0   [12:02:31.877]
  Sending 8 class prototypes:
  ────────────────────────────────────────────────────────────
      class 0 │ norm=6.5810  mean=+0.5877  std=0.5801  min=+0.0000  max=+1.8746
               weights[0:8] → [ +0.8348  +0.1411  +1.2396  +0.0396  +1.5249  +1.0876  +0.5332  +0.8137 ]
      class 1 │ norm=6.1427  mean=+0.5592  std=0.5304  min=+0.0000  max=+1.8914
               weights[0:8] → [ +1.0360  +0.2991  +1.4960  +0.0285  +1.2116  +1.2621  +0.4767  +1.1062 ]
      class 2 │ norm=5.5658  mean=+0.4272  std=0.5535  min=+0.0000  max=+2.2232
               weights[0:8] → [ +0.7709  +0.0286  +1.5170  +0.0000  +0.5947  +0.3296  +0.2060  +0.8637 ]
      class 3 │ norm=6.4345  mean=+0.5717  std=0.5703  min=+0.0000  max=+1.8656
               weights[0:8] → [ +0.7821  +0.1180  +1.1411  +0.0322  +1.5529  +1.0631  +0.4940  +0.8379 ]
      class 4 │ norm=5.7462  mean=+0.4932  std=0.5263  min=+0.0000  max=+1.9917
               weights[0:8] → [ +0.8111  +0.0528  +1.4486  +0.0530  +0.9918  +0.6343  +0.4619  +0.7335 ]
      class 5 │ norm=6.4247  mean=+0.5643  std=0.5760  min=+0.0000  max=+1.9840
               weights[0:8] → [ +0.8635  +0.2903  +1.0497  +0.0000  +1.6321  +1.1231  +0.6567  +1.0092 ]
      class 6 │ norm=5.5049  mean=+0.4638  std=0.5123  min=+0.0000  max=+2.0086
               weights[0:8] → [ +0.8456  +0.0651  +1.4304  +0.0591  +0.9019  +0.6908  +0.3923  +0.8905 ]
      class 7 │ norm=5.7903  mean=+0.3608  std=0.6324  min=+0.0000  max=+2.4800
               weights[0:8] → [ +0.9039  +0.0150  +1.8738  +0.0840  +0.1472  +0.1527  +0.3800  +0.8363 ]
  ────────────────────────────────────────────────────────────

  [RECV]  📦 hospital_1 — update #28   [12:02:44.697]
  Received 8 class prototypes:
  ────────────────────────────────────────────────────────────
      class 0 │ norm=10.5439  mean=+0.8885  std=0.9812  min=+0.0000  max=+3.3319
               weights[0:8] → [ +0.0000  +0.9147  +0.0001  +3.3319  +0.0000  +0.0000  +0.0000  +1.6725 ]
      class 1 │ norm=10.2198  mean=+0.8211  std=0.9864  min=+0.0000  max=+3.5747
               weights[0:8] → [ +0.0000  +1.3928  +0.0001  +3.5747  +0.0000  +0.0000  +0.0000  +1.4612 ]
      class 2 │ norm=9.5984  mean=+0.6400  std=1.0229  min=+0.0000  max=+4.1961
               weights[0:8] → [ +0.0000  +0.9811  +0.0001  +4.1961  +0.0000  +0.0000  +0.0000  +0.7072 ]
      class 3 │ norm=10.1564  mean=+0.8435  std=0.9563  min=+0.0000  max=+3.2752
               weights[0:8] → [ +0.0000  +0.7692  +0.0001  +3.2752  +0.0000  +0.0000  +0.0000  +1.7155 ]
      class 4 │ norm=9.6865  mean=+0.7365  std=0.9686  min=+0.0000  max=+3.8724
               weights[0:8] → [ +0.0000  +0.9440  +0.0001  +3.8724  +0.0000  +0.0000  +0.0000  +1.0380 ]
      class 5 │ norm=10.0107  mean=+0.8219  std=0.9510  min=+0.0000  max=+3.1857
               weights[0:8] → [ +0.0000  +0.6568  +0.0001  +3.1476  +0.0000  +0.0000  +0.0000  +1.8329 ]
      class 6 │ norm=9.5063  mean=+0.6993  std=0.9683  min=+0.0000  max=+3.8414
               weights[0:8] → [ +0.0000  +0.9908  +0.0001  +3.8414  +0.0000  +0.0000  +0.0000  +1.0644 ]
      class 7 │ norm=10.2141  mean=+0.5394  std=1.1664  min=+0.0000  max=+4.7021
               weights[0:8] → [ +0.0000  +1.2575  +0.0001  +4.7021  +0.0000  +0.0000  +0.0000  +0.2117 ]
  ────────────────────────────────────────────────────────────

  [GLOBAL]  Current global proto state   [12:02:44.705]
  ────────────────────────────────────────────────────────────
      class 0 │ norm=6.9869  mean=+0.7211  std=0.4966  min=+0.0000  max=+1.7014
               weights[0:8] → [ +0.4608  +0.4876  +0.6701  +1.5517  +0.8301  +0.5965  +0.2958  +1.2004 ]
      class 1 │ norm=6.5689  mean=+0.6727  std=0.4745  min=+0.0000  max=+1.6562
               weights[0:8] → [ +0.5638  +0.7788  +0.8083  +1.6562  +0.6678  +0.6857  +0.2617  +1.2531 ]
      class 2 │ norm=6.5859  mean=+0.5499  std=0.6175  min=+0.0000  max=+2.4990
               weights[0:8] → [ +0.3128  +0.5851  +0.6103  +2.4990  +0.2514  +0.1415  +0.0885  +0.7575 ]
      class 3 │ norm=6.7441  mean=+0.6926  std=0.4844  min=+0.0000  max=+1.5197
               weights[0:8] → [ +0.4324  +0.4117  +0.6177  +1.5197  +0.8482  +0.5852  +0.2756  +1.2292 ]
      class 4 │ norm=6.1571  mean=+0.6025  std=0.4826  min=+0.0000  max=+1.8117
               weights[0:8] → [ +0.4437  +0.4515  +0.7797  +1.8117  +0.5394  +0.3496  +0.2521  +0.8757 ]
      class 5 │ norm=7.1717  mean=+0.7078  std=0.5545  min=+0.0000  max=+1.8535
               weights[0:8] → [ +0.3586  +0.5192  +0.4233  +1.8535  +0.6748  +0.4549  +0.2686  +1.4456 ]
      class 6 │ norm=5.9342  mean=+0.5692  std=0.4794  min=+0.0000  max=+1.7965
               weights[0:8] → [ +0.4618  +0.4781  +0.7726  +1.7965  +0.4957  +0.3802  +0.2148  +0.9654 ]
      class 7 │ norm=5.9803  mean=+0.4424  std=0.6073  min=+0.0000  max=+2.2137
               weights[0:8] → [ +0.4868  +0.5664  +1.0060  +2.2137  +0.0828  +0.0844  +0.1998  +0.5581 ]
  ────────────────────────────────────────────────────────────

  [CLUSTER]  K-Means result   [12:02:44.751]
      hospital_1 → cluster 1
      hospital_2 → cluster 0
      hospital_3 → cluster 0

  [SEND]  📡 → hospital_1   source: cluster 1   [12:02:44.753]
  Sending 8 class prototypes:
  ────────────────────────────────────────────────────────────
      class 0 │ norm=10.5439  mean=+0.8885  std=0.9812  min=+0.0000  max=+3.3319
               weights[0:8] → [ +0.0000  +0.9147  +0.0001  +3.3319  +0.0000  +0.0000  +0.0000  +1.6725 ]
      class 1 │ norm=10.2198  mean=+0.8211  std=0.9864  min=+0.0000  max=+3.5747
               weights[0:8] → [ +0.0000  +1.3928  +0.0001  +3.5747  +0.0000  +0.0000  +0.0000  +1.4612 ]
      class 2 │ norm=9.5984  mean=+0.6400  std=1.0229  min=+0.0000  max=+4.1961
               weights[0:8] → [ +0.0000  +0.9811  +0.0001  +4.1961  +0.0000  +0.0000  +0.0000  +0.7072 ]
      class 3 │ norm=10.1564  mean=+0.8435  std=0.9563  min=+0.0000  max=+3.2752
               weights[0:8] → [ +0.0000  +0.7692  +0.0001  +3.2752  +0.0000  +0.0000  +0.0000  +1.7155 ]
      class 4 │ norm=9.6865  mean=+0.7365  std=0.9686  min=+0.0000  max=+3.8724
               weights[0:8] → [ +0.0000  +0.9440  +0.0001  +3.8724  +0.0000  +0.0000  +0.0000  +1.0380 ]
      class 5 │ norm=10.0107  mean=+0.8219  std=0.9510  min=+0.0000  max=+3.1857
               weights[0:8] → [ +0.0000  +0.6568  +0.0001  +3.1476  +0.0000  +0.0000  +0.0000  +1.8329 ]
      class 6 │ norm=9.5063  mean=+0.6993  std=0.9683  min=+0.0000  max=+3.8414
               weights[0:8] → [ +0.0000  +0.9908  +0.0001  +3.8414  +0.0000  +0.0000  +0.0000  +1.0644 ]
      class 7 │ norm=10.2141  mean=+0.5394  std=1.1664  min=+0.0000  max=+4.7021
               weights[0:8] → [ +0.0000  +1.2575  +0.0001  +4.7021  +0.0000  +0.0000  +0.0000  +0.2117 ]
  ────────────────────────────────────────────────────────────
  [DISCONNECT]  ❌ hospital_1   [12:02:44.788]

  [RECV]  📦 hospital_3 — update #29   [12:02:49.067]
  Received 8 class prototypes:
  ────────────────────────────────────────────────────────────
      class 0 │ norm=6.7398  mean=+0.5999  std=0.5962  min=+0.0000  max=+1.9556
               weights[0:8] → [ +0.9847  +0.3268  +1.2939  +0.0000  +1.3964  +1.0582  +0.6836  +0.9022 ]
      class 1 │ norm=6.5025  mean=+0.5853  std=0.5685  min=+0.0000  max=+1.8037
               weights[0:8] → [ +1.1068  +0.6711  +1.5706  +0.0000  +1.4606  +1.4958  +0.6200  +1.1039 ]
      class 2 │ norm=5.6001  mean=+0.4317  std=0.5554  min=+0.0000  max=+2.2183
               weights[0:8] → [ +0.8690  +0.0351  +1.5877  +0.0000  +0.6133  +0.3454  +0.2041  +0.8718 ]
      class 3 │ norm=6.5825  mean=+0.5832  std=0.5850  min=+0.0000  max=+1.9084
               weights[0:8] → [ +0.9414  +0.2787  +1.2152  +0.0000  +1.5048  +1.0686  +0.6482  +0.9800 ]
      class 4 │ norm=5.8568  mean=+0.4944  std=0.5442  min=+0.0000  max=+2.0363
               weights[0:8] → [ +0.9112  +0.1245  +1.4748  +0.0000  +0.8527  +0.5541  +0.3905  +0.8429 ]
      class 5 │ norm=6.5870  mean=+0.5817  std=0.5873  min=+0.0000  max=+1.9449
               weights[0:8] → [ +0.9366  +0.3402  +1.0979  +0.0000  +1.6935  +1.1973  +0.6857  +1.0793 ]
      class 6 │ norm=5.6525  mean=+0.4753  std=0.5269  min=+0.0000  max=+2.0526
               weights[0:8] → [ +0.9440  +0.1523  +1.5017  +0.0000  +0.9987  +0.7744  +0.2992  +1.0152 ]
      class 7 │ norm=6.0502  mean=+0.3678  std=0.6660  min=+0.0000  max=+2.5450
               weights[0:8] → [ +0.9026  +0.0353  +1.8828  +0.0000  +0.2377  +0.2044  +0.0333  +0.9209 ]
  ────────────────────────────────────────────────────────────

  [GLOBAL]  Current global proto state   [12:02:49.071]
  ────────────────────────────────────────────────────────────
      class 0 │ norm=6.5748  mean=+0.6847  std=0.4581  min=+0.0000  max=+1.7087
               weights[0:8] → [ +0.6179  +0.4393  +0.8572  +1.0862  +1.0000  +0.7350  +0.4121  +1.1109 ]
      class 1 │ norm=6.1812  mean=+0.6465  std=0.4265  min=+0.0000  max=+1.4806
               weights[0:8] → [ +0.7267  +0.7465  +1.0370  +1.1594  +0.9056  +0.9287  +0.3692  +1.2083 ]
      class 2 │ norm=5.6909  mean=+0.5144  std=0.4952  min=+0.0000  max=+1.7493
               weights[0:8] → [ +0.4796  +0.4201  +0.9035  +1.7493  +0.3600  +0.2027  +0.1231  +0.7918 ]
      class 3 │ norm=6.3561  mean=+0.6598  std=0.4462  min=+0.0000  max=+1.5702
               weights[0:8] → [ +0.5851  +0.3718  +0.7969  +1.0638  +1.0452  +0.7302  +0.3873  +1.1544 ]
      class 4 │ norm=5.7121  mean=+0.5701  std=0.4333  min=+0.0000  max=+1.7410
               weights[0:8] → [ +0.5840  +0.3534  +0.9882  +1.2682  +0.6334  +0.4109  +0.2937  +0.8659 ]
      class 5 │ norm=6.4718  mean=+0.6700  std=0.4570  min=+0.0000  max=+1.3793
               weights[0:8] → [ +0.5320  +0.4655  +0.6257  +1.2975  +0.9804  +0.6776  +0.3937  +1.3357 ]
      class 6 │ norm=5.4865  mean=+0.5410  std=0.4248  min=+0.0000  max=+1.5603
               weights[0:8] → [ +0.6064  +0.3804  +0.9913  +1.2576  +0.6466  +0.4985  +0.2401  +0.9803 ]
      class 7 │ norm=5.5022  mean=+0.4200  std=0.5489  min=+0.0000  max=+1.7113
               weights[0:8] → [ +0.6115  +0.4071  +1.2691  +1.5496  +0.1292  +0.1204  +0.1498  +0.6669 ]
  ────────────────────────────────────────────────────────────

  [CLUSTER]  K-Means result   [12:02:49.103]
      hospital_1 → cluster 1
      hospital_2 → cluster 0
      hospital_3 → cluster 0

  [SEND]  📡 → hospital_3   source: cluster 0   [12:02:49.105]
  Sending 8 class prototypes:
  ────────────────────────────────────────────────────────────
      class 0 │ norm=6.6506  mean=+0.5953  std=0.5849  min=+0.0000  max=+1.8635
               weights[0:8] → [ +0.8723  +0.1634  +1.2672  +0.0396  +1.5389  +1.1123  +0.5442  +0.8285 ]
      class 1 │ norm=6.2291  mean=+0.5685  std=0.5363  min=+0.0000  max=+1.8998
               weights[0:8] → [ +1.0826  +0.3355  +1.5275  +0.0285  +1.2352  +1.3037  +0.5006  +1.1213 ]
      class 2 │ norm=5.6001  mean=+0.4317  std=0.5554  min=+0.0000  max=+2.2183
               weights[0:8] → [ +0.8690  +0.0351  +1.5877  +0.0000  +0.6133  +0.3454  +0.2041  +0.8718 ]
      class 3 │ norm=6.5059  mean=+0.5795  std=0.5751  min=+0.0000  max=+1.8487
               weights[0:8] → [ +0.8193  +0.1394  +1.1676  +0.0322  +1.5748  +1.0923  +0.5048  +0.8623 ]
      class 4 │ norm=5.7807  mean=+0.4971  std=0.5285  min=+0.0000  max=+1.9903
               weights[0:8] → [ +0.8558  +0.0622  +1.4812  +0.0530  +0.9995  +0.6448  +0.4649  +0.7392 ]
      class 5 │ norm=6.5870  mean=+0.5817  std=0.5873  min=+0.0000  max=+1.9449
               weights[0:8] → [ +0.9366  +0.3402  +1.0979  +0.0000  +1.6935  +1.1973  +0.6857  +1.0793 ]
      class 6 │ norm=5.5499  mean=+0.4688  std=0.5154  min=+0.0000  max=+2.0170
               weights[0:8] → [ +0.8930  +0.0762  +1.4624  +0.0591  +0.9207  +0.7127  +0.3948  +0.9062 ]
      class 7 │ norm=5.8026  mean=+0.3614  std=0.6338  min=+0.0000  max=+2.4697
               weights[0:8] → [ +0.9623  +0.0177  +1.9154  +0.0840  +0.1551  +0.1583  +0.3810  +0.8317 ]
  ────────────────────────────────────────────────────────────

  [RECV]  📦 hospital_3 — update #30   [12:03:02.142]
  Received 8 class prototypes:
  ────────────────────────────────────────────────────────────
      class 0 │ norm=6.4952  mean=+0.5742  std=0.5785  min=+0.0000  max=+1.9290
               weights[0:8] → [ +0.8632  +0.2641  +1.2148  +0.0000  +1.2929  +0.9064  +0.6299  +0.7786 ]
      class 1 │ norm=6.1391  mean=+0.5542  std=0.5350  min=+0.0000  max=+1.7946
               weights[0:8] → [ +0.9898  +0.5969  +1.4759  +0.0000  +1.3610  +1.3507  +0.5744  +0.9775 ]
      class 2 │ norm=5.3801  mean=+0.4085  std=0.5385  min=+0.0000  max=+2.1759
               weights[0:8] → [ +0.7613  +0.0227  +1.5076  +0.0000  +0.5480  +0.2556  +0.1763  +0.7387 ]
      class 3 │ norm=6.3085  mean=+0.5551  std=0.5645  min=+0.0000  max=+1.8697
               weights[0:8] → [ +0.8153  +0.2135  +1.1288  +0.0000  +1.3943  +0.8958  +0.5891  +0.8639 ]
      class 4 │ norm=5.6430  mean=+0.4720  std=0.5283  min=+0.0000  max=+1.9971
               weights[0:8] → [ +0.8003  +0.0945  +1.3983  +0.0000  +0.7771  +0.4518  +0.3558  +0.7112 ]
      class 5 │ norm=6.2796  mean=+0.5516  std=0.5629  min=+0.0000  max=+1.9015
               weights[0:8] → [ +0.8084  +0.2729  +1.0076  +0.0000  +1.5769  +1.0094  +0.6259  +0.9719 ]
      class 6 │ norm=5.3849  mean=+0.4468  std=0.5074  min=+0.0000  max=+2.0374
               weights[0:8] → [ +0.8315  +0.1090  +1.4139  +0.0000  +0.9055  +0.6340  +0.2601  +0.8914 ]
      class 7 │ norm=5.8225  mean=+0.3441  std=0.6464  min=+0.0000  max=+2.4848
               weights[0:8] → [ +0.8044  +0.0252  +1.8020  +0.0000  +0.2020  +0.1568  +0.0277  +0.7706 ]
  ────────────────────────────────────────────────────────────

  [GLOBAL]  Current global proto state   [12:03:02.152]
  ────────────────────────────────────────────────────────────
      class 0 │ norm=6.3809  mean=+0.6516  std=0.4636  min=+0.0000  max=+1.7085
               weights[0:8] → [ +0.6915  +0.3868  +0.9645  +0.7603  +1.0879  +0.7864  +0.4775  +1.0112 ]
      class 1 │ norm=5.9928  mean=+0.6188  std=0.4255  min=+0.0000  max=+1.5518
               weights[0:8] → [ +0.8056  +0.7016  +1.1687  +0.8116  +1.0422  +1.0553  +0.4307  +1.1391 ]
      class 2 │ norm=5.2687  mean=+0.4827  std=0.4516  min=+0.0000  max=+1.7556
               weights[0:8] → [ +0.5641  +0.3009  +1.0847  +1.2245  +0.4164  +0.2185  +0.1391  +0.7759 ]
      class 3 │ norm=6.1719  mean=+0.6284  std=0.4511  min=+0.0000  max=+1.6150
               weights[0:8] → [ +0.6541  +0.3243  +0.8965  +0.7446  +1.1499  +0.7799  +0.4479  +1.0673 ]
      class 4 │ norm=5.5084  mean=+0.5407  std=0.4297  min=+0.0000  max=+1.8178
               weights[0:8] → [ +0.6489  +0.2757  +1.1113  +0.8877  +0.6765  +0.4232  +0.3123  +0.8195 ]
      class 5 │ norm=6.1450  mean=+0.6345  std=0.4364  min=+0.0000  max=+1.5050
               weights[0:8] → [ +0.6149  +0.4077  +0.7403  +0.9082  +1.1594  +0.7771  +0.4634  +1.2266 ]
      class 6 │ norm=5.2706  mean=+0.5128  std=0.4169  min=+0.0000  max=+1.7034
               weights[0:8] → [ +0.6740  +0.2989  +1.1181  +0.8803  +0.7243  +0.5391  +0.2461  +0.9536 ]
      class 7 │ norm=5.3473  mean=+0.3973  std=0.5418  min=+0.0000  max=+1.9434
               weights[0:8] → [ +0.6694  +0.2925  +1.4289  +1.0847  +0.1511  +0.1313  +0.1132  +0.6980 ]
  ────────────────────────────────────────────────────────────

  [CLUSTER]  K-Means result   [12:03:02.183]
      hospital_1 → cluster 1
      hospital_2 → cluster 0
      hospital_3 → cluster 0

  [SEND]  📡 → hospital_3   source: cluster 0   [12:03:02.186]
  Sending 8 class prototypes:
  ────────────────────────────────────────────────────────────
      class 0 │ norm=6.5218  mean=+0.5824  std=0.5749  min=+0.0000  max=+1.8502
               weights[0:8] → [ +0.8116  +0.1321  +1.2277  +0.0396  +1.4871  +1.0364  +0.5173  +0.7667 ]
      class 1 │ norm=6.0630  mean=+0.5529  std=0.5224  min=+0.0000  max=+1.8952
               weights[0:8] → [ +1.0241  +0.2984  +1.4802  +0.0285  +1.1854  +1.2312  +0.4778  +1.0582 ]
      class 2 │ norm=5.3801  mean=+0.4085  std=0.5385  min=+0.0000  max=+2.1759
               weights[0:8] → [ +0.7613  +0.0227  +1.5076  +0.0000  +0.5480  +0.2556  +0.1763  +0.7387 ]
      class 3 │ norm=6.3622  mean=+0.5654  std=0.5637  min=+0.0000  max=+1.8293
               weights[0:8] → [ +0.7563  +0.1068  +1.1243  +0.0322  +1.5196  +1.0059  +0.4753  +0.8043 ]
      class 4 │ norm=5.6683  mean=+0.4859  std=0.5197  min=+0.0000  max=+1.9706
               weights[0:8] → [ +0.8004  +0.0473  +1.4429  +0.0530  +0.9617  +0.5937  +0.4475  +0.6733 ]
      class 5 │ norm=6.2796  mean=+0.5516  std=0.5629  min=+0.0000  max=+1.9015
               weights[0:8] → [ +0.8084  +0.2729  +1.0076  +0.0000  +1.5769  +1.0094  +0.6259  +0.9719 ]
      class 6 │ norm=5.4178  mean=+0.4546  std=0.5059  min=+0.0000  max=+2.0094
               weights[0:8] → [ +0.8368  +0.0545  +1.4184  +0.0591  +0.8741  +0.6425  +0.3753  +0.8443 ]
      class 7 │ norm=5.6930  mean=+0.3496  std=0.6248  min=+0.0000  max=+2.4396
               weights[0:8] → [ +0.9132  +0.0126  +1.8750  +0.0840  +0.1372  +0.1345  +0.3782  +0.7565 ]
  ────────────────────────────────────────────────────────────
  [CKPT]  💾 Checkpoint saved → global_models/async_checkpoint_30.pt   update #30
  [DISCONNECT]  ❌ hospital_3   [12:03:02.213]
